frame_id,timestamp_s,texture_entropy,texture_variance,edge_density,corner_density,feature_count,feature_distribution_uniformity,repetitiveness_score,brightness,blur_score,flow_mean,flow_std,flow_valid_ratio,flow_inlier_ratio,flow_direction_consistency,altitude_m,ground_speed_mps,roll_rad,pitch_rad,yaw_rate_rad_s,terrain_type_if_available,dynamic_texture_suspected,low_texture_suspected,repetitive_pattern_suspected,visual_matchability,matchability_class,normalized_texture_entropy,normalized_corner_density,normalized_feature_count,normalized_feature_distribution_uniformity,normalized_repetitiveness_score,normalized_brightness_quality,normalized_blur_quality,normalized_flow_valid_ratio,normalized_flow_inlier_ratio,normalized_flow_direction_consistency,reasoning_trace
r00_road_normal,0.0,5.184747845782361,419.78424281544153,0.017544216579861112,1.0,256,0.9597185057838282,0.09375,67.61572265625,1795.8842124054095,5.831123352050781,0.012318117544054985,1.0,1.0,0.9999986886978149,10.0,3.0,0.0,0.0,0.0,road,False,False,False,1.0,HighMatchability,0.6480934807227952,1.0,0.28444444444444444,0.9597185057838282,0.09375,0.5303193933823529,1.0,1.0,1.0,0.9999986886978149,"[{""rule"": ""rich_texture"", ""metric"": ""texture_entropy"", ""value"": 0.648093, ""condition"": "">= 0.48"", ""fired"": true, ""contribution"": 0.1, ""explanation"": ""Rich intensity structure supports distinctive features.""}, {""rule"": ""many_features"", ""metric"": ""feature_count"", ""value"": 0.284444, ""condition"": "">= 0.25"", ""fired"": true, ""contribution"": 0.09, ""explanation"": ""Sufficient ORB support is available.""}, {""rule"": ""too_few_features"", ""metric"": ""feature_count"", ""value"": 0.284444, ""condition"": ""<= 0.03"", ""fired"": false, ""contribution"": 0.0, ""explanation"": ""Too few descriptors makes place matching underconstrained.""}, {""rule"": ""low_texture"", ""metric"": ""texture_entropy"", ""value"": 0.648093, ""condition"": ""<= 0.25"", ""fired"": false, ""contribution"": 0.0, ""explanation"": ""Low intensity entropy provides little distinctive structure.""}, {""rule"": ""distributed_features"", ""metric"": ""feature_distribution_uniformity"", ""value"": 0.959719, ""condition"": "">= 0.55"", ""fired"": true, ""contribution"": 0.12, ""explanation"": ""Features cover the image and improve geometric observability.""}, {""rule"": ""low_aliasing"", ""metric"": ""repetitiveness_score"", ""value"": 0.09375, ""condition"": ""<= 0.35"", ""fired"": true, ""contribution"": 0.1, ""explanation"": ""Low descriptor self-similarity reduces false-place risk.""}, {""rule"": ""repetitive_aliasing"", ""metric"": ""repetitiveness_score"", ""value"": 0.09375, ""condition"": "">= 0.55"", ""fired"": false, ""contribution"": 0.0, ""explanation"": ""Repeated descriptors increase perceptual aliasing risk.""}, {""rule"": ""sharp_image"", ""metric"": ""blur_quality"", ""value"": 1.0, ""condition"": "">= 0.25"", ""fired"": true, ""contribution"": 0.08, ""explanation"": ""Laplacian energy indicates usable image sharpness.""}, {""rule"": ""exposure_quality"", ""metric"": ""brightness_quality"", ""value"": 0.530319, ""condition"": "">= 0.55"", ""fired"": false, ""contribution"": 0.0, ""explanation"": ""Exposure is away from saturation and darkness.""}, {""rule"": ""stable_tracks"", ""metric"": ""flow_valid_ratio"", ""value"": 1.0, ""condition"": "">= 0.65"", ""fired"": true, ""contribution"": 0.06, ""explanation"": ""Most short-term features remain trackable.""}, {""rule"": ""coherent_geometry"", ""metric"": ""flow_inlier_ratio"", ""value"": 1.0, ""condition"": "">= 0.7"", ""fired"": true, ""contribution"": 0.12, ""explanation"": ""RANSAC-consistent flow supports temporal stability.""}, {""rule"": ""inconsistent_flow"", ""metric"": ""flow_inlier_ratio"", ""value"": 1.0, ""condition"": ""<= 0.3"", ""fired"": false, ""contribution"": 0.0, ""explanation"": ""Inconsistent flow suggests dynamic or unstable texture.""}]"
r00_road_bright,0.1,5.184519757051583,424.3019280946917,0.10340033637152778,1.0,337,0.962607326001661,0.04154302670623145,105.7200927734375,2564.9469806165143,62.88486099243164,81.00027465820312,0.4110429447852761,0.4626865671641791,0.4532201588153839,10.0,3.0,0.0,0.0,0.0,road,False,False,False,0.96,HighMatchability,0.6480649696314479,1.0,0.37444444444444447,0.962607326001661,0.04154302670623145,0.8291771982230391,1.0,0.4110429447852761,0.4626865671641791,0.4532201588153839,"[{""rule"": ""rich_texture"", ""metric"": ""texture_entropy"", ""value"": 0.648065, ""condition"": "">= 0.48"", ""fired"": true, ""contribution"": 0.1, ""explanation"": ""Rich intensity structure supports distinctive features.""}, {""rule"": ""many_features"", ""metric"": ""feature_count"", ""value"": 0.374444, ""condition"": "">= 0.25"", ""fired"": true, ""contribution"": 0.09, ""explanation"": ""Sufficient ORB support is available.""}, {""rule"": ""too_few_features"", ""metric"": ""feature_count"", ""value"": 0.374444, ""condition"": ""<= 0.03"", ""fired"": false, ""contribution"": 0.0, ""explanation"": ""Too few descriptors makes place matching underconstrained.""}, {""rule"": ""low_texture"", ""metric"": ""texture_entropy"", ""value"": 0.648065, ""condition"": ""<= 0.25"", ""fired"": false, ""contribution"": 0.0, ""explanation"": ""Low intensity entropy provides little distinctive structure.""}, {""rule"": ""distributed_features"", ""metric"": ""feature_distribution_uniformity"", ""value"": 0.962607, ""condition"": "">= 0.55"", ""fired"": true, ""contribution"": 0.12, ""explanation"": ""Features cover the image and improve geometric observability.""}, {""rule"": ""low_aliasing"", ""metric"": ""repetitiveness_score"", ""value"": 0.041543, ""condition"": ""<= 0.35"", ""fired"": true, ""contribution"": 0.1, ""explanation"": ""Low descriptor self-similarity reduces false-place risk.""}, {""rule"": ""repetitive_aliasing"", ""metric"": ""repetitiveness_score"", ""value"": 0.041543, ""condition"": "">= 0.55"", ""fired"": false, ""contribution"": 0.0, ""explanation"": ""Repeated descriptors increase perceptual aliasing risk.""}, {""rule"": ""sharp_image"", ""metric"": ""blur_quality"", ""value"": 1.0, ""condition"": "">= 0.25"", ""fired"": true, ""contribution"": 0.08, ""explanation"": ""Laplacian energy indicates usable image sharpness.""}, {""rule"": ""exposure_quality"", ""metric"": ""brightness_quality"", ""value"": 0.829177, ""condition"": "">= 0.55"", ""fired"": true, ""contribution"": 0.05, ""explanation"": ""Exposure is away from saturation and darkness.""}, {""rule"": ""stable_tracks"", ""metric"": ""flow_valid_ratio"", ""value"": 0.411043, ""condition"": "">= 0.65"", ""fired"": false, ""contribution"": 0.0, ""explanation"": ""Most short-term features remain trackable.""}, {""rule"": ""coherent_geometry"", ""metric"": ""flow_inlier_ratio"", ""value"": 0.462687, ""condition"": "">= 0.7"", ""fired"": false, ""contribution"": 0.0, ""explanation"": ""RANSAC-consistent flow supports temporal stability.""}, {""rule"": ""inconsistent_flow"", ""metric"": ""flow_inlier_ratio"", ""value"": 0.462687, ""condition"": ""<= 0.3"", ""fired"": false, ""contribution"": 0.0, ""explanation"": ""Inconsistent flow suggests dynamic or unstable texture.""}]"
r00_road_dark,0.2,4.437011587323382,151.5623383554688,0.008551703559027778,1.0,64,0.23321470113013237,0.5625,28.56799994574653,648.1033780396353,110.70343017578125,88.2549057006836,0.3067484662576687,0.12,0.3090505301952362,10.0,3.0,0.0,0.0,0.0,road,False,False,True,0.26,LowMatchability,0.5546264484154227,1.0,0.07111111111111111,0.23321470113013237,0.5625,0.22406274467252174,1.0,0.3067484662576687,0.12,0.3090505301952362,"[{""rule"": ""rich_texture"", ""metric"": ""texture_entropy"", ""value"": 0.554626, ""condition"": "">= 0.48"", ""fired"": true, ""contribution"": 0.1, ""explanation"": ""Rich intensity structure supports distinctive features.""}, {""rule"": ""many_features"", ""metric"": ""feature_count"", ""value"": 0.071111, ""condition"": "">= 0.25"", ""fired"": false, ""contribution"": 0.0, ""explanation"": ""Sufficient ORB support is available.""}, {""rule"": ""too_few_features"", ""metric"": ""feature_count"", ""value"": 0.071111, ""condition"": ""<= 0.03"", ""fired"": false, ""contribution"": 0.0, ""explanation"": ""Too few descriptors makes place matching underconstrained.""}, {""rule"": ""low_texture"", ""metric"": ""texture_entropy"", ""value"": 0.554626, ""condition"": ""<= 0.25"", ""fired"": false, ""contribution"": 0.0, ""explanation"": ""Low intensity entropy provides little distinctive structure.""}, {""rule"": ""distributed_features"", ""metric"": ""feature_distribution_uniformity"", ""value"": 0.233215, ""condition"": "">= 0.55"", ""fired"": false, ""contribution"": 0.0, ""explanation"": ""Features cover the image and improve geometric observability.""}, {""rule"": ""low_aliasing"", ""metric"": ""repetitiveness_score"", ""value"": 0.5625, ""condition"": ""<= 0.35"", ""fired"": false, ""contribution"": 0.0, ""explanation"": ""Low descriptor self-similarity reduces false-place risk.""}, {""rule"": ""repetitive_aliasing"", ""metric"": ""repetitiveness_score"", ""value"": 0.5625, ""condition"": "">= 0.55"", ""fired"": true, ""contribution"": -0.18, ""explanation"": ""Repeated descriptors increase perceptual aliasing risk.""}, {""rule"": ""sharp_image"", ""metric"": ""blur_quality"", ""value"": 1.0, ""condition"": "">= 0.25"", ""fired"": true, ""contribution"": 0.08, ""explanation"": ""Laplacian energy indicates usable image sharpness.""}, {""rule"": ""exposure_quality"", ""metric"": ""brightness_quality"", ""value"": 0.224063, ""condition"": "">= 0.55"", ""fired"": false, ""contribution"": 0.0, ""explanation"": ""Exposure is away from saturation and darkness.""}, {""rule"": ""stable_tracks"", ""metric"": ""flow_valid_ratio"", ""value"": 0.306748, ""condition"": "">= 0.65"", ""fired"": false, ""contribution"": 0.0, ""explanation"": ""Most short-term features remain trackable.""}, {""rule"": ""coherent_geometry"", ""metric"": ""flow_inlier_ratio"", ""value"": 0.12, ""condition"": "">= 0.7"", ""fired"": false, ""contribution"": 0.0, ""explanation"": ""RANSAC-consistent flow supports temporal stability.""}, {""rule"": ""inconsistent_flow"", ""metric"": ""flow_inlier_ratio"", ""value"": 0.12, ""condition"": ""<= 0.3"", ""fired"": true, ""contribution"": -0.16, ""explanation"": ""Inconsistent flow suggests dynamic or unstable texture.""}]"
r00_road_blur,0.3,3.831152094332116,116.08576000987748,0.0025770399305555555,1.0,109,0.36568902031705647,0.8623853211009175,67.60397677951389,43.53228721680281,2.957993984222412,5.106074333190918,1.0,0.6380368098159509,0.03224875032901764,10.0,3.0,0.0,0.0,0.0,road,False,False,True,0.3,LowMatchability,0.4788940117915145,1.0,0.12111111111111111,0.36568902031705647,0.8623853211009175,0.5302272688589325,0.08706457443360562,1.0,0.6380368098159509,0.03224875032901764,"[{""rule"": ""rich_texture"", ""metric"": ""texture_entropy"", ""value"": 0.478894, ""condition"": "">= 0.48"", ""fired"": false, ""contribution"": 0.0, ""explanation"": ""Rich intensity structure supports distinctive features.""}, {""rule"": ""many_features"", ""metric"": ""feature_count"", ""value"": 0.121111, ""condition"": "">= 0.25"", ""fired"": false, ""contribution"": 0.0, ""explanation"": ""Sufficient ORB support is available.""}, {""rule"": ""too_few_features"", ""metric"": ""feature_count"", ""value"": 0.121111, ""condition"": ""<= 0.03"", ""fired"": false, ""contribution"": 0.0, ""explanation"": ""Too few descriptors makes place matching underconstrained.""}, {""rule"": ""low_texture"", ""metric"": ""texture_entropy"", ""value"": 0.478894, ""condition"": ""<= 0.25"", ""fired"": false, ""contribution"": 0.0, ""explanation"": ""Low intensity entropy provides little distinctive structure.""}, {""rule"": ""distributed_features"", ""metric"": ""feature_distribution_uniformity"", ""value"": 0.365689, ""condition"": "">= 0.55"", ""fired"": false, ""contribution"": 0.0, ""explanation"": ""Features cover the image and improve geometric observability.""}, {""rule"": ""low_aliasing"", ""metric"": ""repetitiveness_score"", ""value"": 0.862385, ""condition"": ""<= 0.35"", ""fired"": false, ""contribution"": 0.0, ""explanation"": ""Low descriptor self-similarity reduces false-place risk.""}, {""rule"": ""repetitive_aliasing"", ""metric"": ""repetitiveness_score"", ""value"": 0.862385, ""condition"": "">= 0.55"", ""fired"": true, ""contribution"": -0.18, ""explanation"": ""Repeated descriptors increase perceptual aliasing risk.""}, {""rule"": ""sharp_image"", ""metric"": ""blur_quality"", ""value"": 0.087065, ""condition"": "">= 0.25"", ""fired"": false, ""contribution"": 0.0, ""explanation"": ""Laplacian energy indicates usable image sharpness.""}, {""rule"": ""exposure_quality"", ""metric"": ""brightness_quality"", ""value"": 0.530227, ""condition"": "">= 0.55"", ""fired"": false, ""contribution"": 0.0, ""explanation"": ""Exposure is away from saturation and darkness.""}, {""rule"": ""stable_tracks"", ""metric"": ""flow_valid_ratio"", ""value"": 1.0, ""condition"": "">= 0.65"", ""fired"": true, ""contribution"": 0.06, ""explanation"": ""Most short-term features remain trackable.""}, {""rule"": ""coherent_geometry"", ""metric"": ""flow_inlier_ratio"", ""value"": 0.638037, ""condition"": "">= 0.7"", ""fired"": false, ""contribution"": 0.0, ""explanation"": ""RANSAC-consistent flow supports temporal stability.""}, {""rule"": ""inconsistent_flow"", ""metric"": ""flow_inlier_ratio"", ""value"": 0.638037, ""condition"": ""<= 0.3"", ""fired"": false, ""contribution"": 0.0, ""explanation"": ""Inconsistent flow suggests dynamic or unstable texture.""}]"
r00_road_yaw,0.4,4.718270530753127,394.5400667749344,0.0128173828125,1.0,152,0.7060852145391345,0.40131578947368424,67.95334879557292,650.855345695797,44.756099700927734,40.7439079284668,0.9386503067484663,0.0392156862745098,0.2123195081949234,10.0,3.0,0.0,0.0,0.0,road,True,False,False,0.62,MediumMatchability,0.5897838163441409,1.0,0.1688888888888889,0.7060852145391345,0.40131578947368424,0.5329674415339052,1.0,0.9386503067484663,0.0392156862745098,0.2123195081949234,"[{""rule"": ""rich_texture"", ""metric"": ""texture_entropy"", ""value"": 0.589784, ""condition"": "">= 0.48"", ""fired"": true, ""contribution"": 0.1, ""explanation"": ""Rich intensity structure supports distinctive features.""}, {""rule"": ""many_features"", ""metric"": ""feature_count"", ""value"": 0.168889, ""condition"": "">= 0.25"", ""fired"": false, ""contribution"": 0.0, ""explanation"": ""Sufficient ORB support is available.""}, {""rule"": ""too_few_features"", ""metric"": ""feature_count"", ""value"": 0.168889, ""condition"": ""<= 0.03"", ""fired"": false, ""contribution"": 0.0, ""explanation"": ""Too few descriptors makes place matching underconstrained.""}, {""rule"": ""low_texture"", ""metric"": ""texture_entropy"", ""value"": 0.589784, ""condition"": ""<= 0.25"", ""fired"": false, ""contribution"": 0.0, ""explanation"": ""Low intensity entropy provides little distinctive structure.""}, {""rule"": ""distributed_features"", ""metric"": ""feature_distribution_uniformity"", ""value"": 0.706085, ""condition"": "">= 0.55"", ""fired"": true, ""contribution"": 0.12, ""explanation"": ""Features cover the image and improve geometric observability.""}, {""rule"": ""low_aliasing"", ""metric"": ""repetitiveness_score"", ""value"": 0.401316, ""condition"": ""<= 0.35"", ""fired"": false, ""contribution"": 0.0, ""explanation"": ""Low descriptor self-similarity reduces false-place risk.""}, {""rule"": ""repetitive_aliasing"", ""metric"": ""repetitiveness_score"", ""value"": 0.401316, ""condition"": "">= 0.55"", ""fired"": false, ""contribution"": 0.0, ""explanation"": ""Repeated descriptors increase perceptual aliasing risk.""}, {""rule"": ""sharp_image"", ""metric"": ""blur_quality"", ""value"": 1.0, ""condition"": "">= 0.25"", ""fired"": true, ""contribution"": 0.08, ""explanation"": ""Laplacian energy indicates usable image sharpness.""}, {""rule"": ""exposure_quality"", ""metric"": ""brightness_quality"", ""value"": 0.532967, ""condition"": "">= 0.55"", ""fired"": false, ""contribution"": 0.0, ""explanation"": ""Exposure is away from saturation and darkness.""}, {""rule"": ""stable_tracks"", ""metric"": ""flow_valid_ratio"", ""value"": 0.93865, ""condition"": "">= 0.65"", ""fired"": true, ""contribution"": 0.06, ""explanation"": ""Most short-term features remain trackable.""}, {""rule"": ""coherent_geometry"", ""metric"": ""flow_inlier_ratio"", ""value"": 0.039216, ""condition"": "">= 0.7"", ""fired"": false, ""contribution"": 0.0, ""explanation"": ""RANSAC-consistent flow supports temporal stability.""}, {""rule"": ""inconsistent_flow"", ""metric"": ""flow_inlier_ratio"", ""value"": 0.039216, ""condition"": ""<= 0.3"", ""fired"": true, ""contribution"": -0.16, ""explanation"": ""Inconsistent flow suggests dynamic or unstable texture.""}]"
r00_grass_normal,0.5,0.7325560112735073,11.312029614860627,0.0006781684027777778,1.0,27,0.6319297539802743,0.07407407407407407,80.08289930555556,149.90546988737253,5.806542873382568,0.39725473523139954,0.9966666666666667,0.9832775919732442,0.9875073432922363,10.0,3.0,0.0,0.0,0.0,grass,False,False,False,0.55,MediumMatchability,0.09156950140918842,1.0,0.03,0.6319297539802743,0.07407407407407407,0.6281011710239652,0.29981093977474504,0.9966666666666667,0.9832775919732442,0.9875073432922363,"[{""rule"": ""rich_texture"", ""metric"": ""texture_entropy"", ""value"": 0.09157, ""condition"": "">= 0.48"", ""fired"": false, ""contribution"": 0.0, ""explanation"": ""Rich intensity structure supports distinctive features.""}, {""rule"": ""many_features"", ""metric"": ""feature_count"", ""value"": 0.03, ""condition"": "">= 0.25"", ""fired"": false, ""contribution"": 0.0, ""explanation"": ""Sufficient ORB support is available.""}, {""rule"": ""too_few_features"", ""metric"": ""feature_count"", ""value"": 0.03, ""condition"": ""<= 0.03"", ""fired"": true, ""contribution"": -0.25, ""explanation"": ""Too few descriptors makes place matching underconstrained.""}, {""rule"": ""low_texture"", ""metric"": ""texture_entropy"", ""value"": 0.09157, ""condition"": ""<= 0.25"", ""fired"": true, ""contribution"": -0.15, ""explanation"": ""Low intensity entropy provides little distinctive structure.""}, {""rule"": ""distributed_features"", ""metric"": ""feature_distribution_uniformity"", ""value"": 0.63193, ""condition"": "">= 0.55"", ""fired"": true, ""contribution"": 0.12, ""explanation"": ""Features cover the image and improve geometric observability.""}, {""rule"": ""low_aliasing"", ""metric"": ""repetitiveness_score"", ""value"": 0.074074, ""condition"": ""<= 0.35"", ""fired"": true, ""contribution"": 0.1, ""explanation"": ""Low descriptor self-similarity reduces false-place risk.""}, {""rule"": ""repetitive_aliasing"", ""metric"": ""repetitiveness_score"", ""value"": 0.074074, ""condition"": "">= 0.55"", ""fired"": false, ""contribution"": 0.0, ""explanation"": ""Repeated descriptors increase perceptual aliasing risk.""}, {""rule"": ""sharp_image"", ""metric"": ""blur_quality"", ""value"": 0.299811, ""condition"": "">= 0.25"", ""fired"": true, ""contribution"": 0.08, ""explanation"": ""Laplacian energy indicates usable image sharpness.""}, {""rule"": ""exposure_quality"", ""metric"": ""brightness_quality"", ""value"": 0.628101, ""condition"": "">= 0.55"", ""fired"": true, ""contribution"": 0.05, ""explanation"": ""Exposure is away from saturation and darkness.""}, {""rule"": ""stable_tracks"", ""metric"": ""flow_valid_ratio"", ""value"": 0.996667, ""condition"": "">= 0.65"", ""fired"": true, ""contribution"": 0.06, ""explanation"": ""Most short-term features remain trackable.""}, {""rule"": ""coherent_geometry"", ""metric"": ""flow_inlier_ratio"", ""value"": 0.983278, ""condition"": "">= 0.7"", ""fired"": true, ""contribution"": 0.12, ""explanation"": ""RANSAC-consistent flow supports temporal stability.""}, {""rule"": ""inconsistent_flow"", ""metric"": ""flow_inlier_ratio"", ""value"": 0.983278, ""condition"": ""<= 0.3"", ""fired"": false, ""contribution"": 0.0, ""explanation"": ""Inconsistent flow suggests dynamic or unstable texture.""}]"
r00_grass_bright,0.6,0.7546966198854681,17.7123219832594,0.0035807291666666665,1.0,129,0.9451926321605626,0.015503875968992248,122.10887315538194,234.53630527738986,166.134521484375,102.16543579101562,0.13333333333333333,0.075,0.3137950599193573,10.0,3.0,0.0,0.0,0.0,grass,False,False,False,0.45999999999999996,MediumMatchability,0.09433707748568351,1.0,0.14333333333333334,0.9451926321605626,0.015503875968992248,0.9577166521990741,0.4690726105547797,0.13333333333333333,0.075,0.3137950599193573,"[{""rule"": ""rich_texture"", ""metric"": ""texture_entropy"", ""value"": 0.094337, ""condition"": "">= 0.48"", ""fired"": false, ""contribution"": 0.0, ""explanation"": ""Rich intensity structure supports distinctive features.""}, {""rule"": ""many_features"", ""metric"": ""feature_count"", ""value"": 0.143333, ""condition"": "">= 0.25"", ""fired"": false, ""contribution"": 0.0, ""explanation"": ""Sufficient ORB support is available.""}, {""rule"": ""too_few_features"", ""metric"": ""feature_count"", ""value"": 0.143333, ""condition"": ""<= 0.03"", ""fired"": false, ""contribution"": 0.0, ""explanation"": ""Too few descriptors makes place matching underconstrained.""}, {""rule"": ""low_texture"", ""metric"": ""texture_entropy"", ""value"": 0.094337, ""condition"": ""<= 0.25"", ""fired"": true, ""contribution"": -0.15, ""explanation"": ""Low intensity entropy provides little distinctive structure.""}, {""rule"": ""distributed_features"", ""metric"": ""feature_distribution_uniformity"", ""value"": 0.945193, ""condition"": "">= 0.55"", ""fired"": true, ""contribution"": 0.12, ""explanation"": ""Features cover the image and improve geometric observability.""}, {""rule"": ""low_aliasing"", ""metric"": ""repetitiveness_score"", ""value"": 0.015504, ""condition"": ""<= 0.35"", ""fired"": true, ""contribution"": 0.1, ""explanation"": ""Low descriptor self-similarity reduces false-place risk.""}, {""rule"": ""repetitive_aliasing"", ""metric"": ""repetitiveness_score"", ""value"": 0.015504, ""condition"": "">= 0.55"", ""fired"": false, ""contribution"": 0.0, ""explanation"": ""Repeated descriptors increase perceptual aliasing risk.""}, {""rule"": ""sharp_image"", ""metric"": ""blur_quality"", ""value"": 0.469073, ""condition"": "">= 0.25"", ""fired"": true, ""contribution"": 0.08, ""explanation"": ""Laplacian energy indicates usable image sharpness.""}, {""rule"": ""exposure_quality"", ""metric"": ""brightness_quality"", ""value"": 0.957717, ""condition"": "">= 0.55"", ""fired"": true, ""contribution"": 0.05, ""explanation"": ""Exposure is away from saturation and darkness.""}, {""rule"": ""stable_tracks"", ""metric"": ""flow_valid_ratio"", ""value"": 0.133333, ""condition"": "">= 0.65"", ""fired"": false, ""contribution"": 0.0, ""explanation"": ""Most short-term features remain trackable.""}, {""rule"": ""coherent_geometry"", ""metric"": ""flow_inlier_ratio"", ""value"": 0.075, ""condition"": "">= 0.7"", ""fired"": false, ""contribution"": 0.0, ""explanation"": ""RANSAC-consistent flow supports temporal stability.""}, {""rule"": ""inconsistent_flow"", ""metric"": ""flow_inlier_ratio"", ""value"": 0.075, ""condition"": ""<= 0.3"", ""fired"": true, ""contribution"": -0.16, ""explanation"": ""Inconsistent flow suggests dynamic or unstable texture.""}]"
r00_grass_dark,0.7,0.671851588269721,4.084675200513484,0.0,1.0,0,0.0,0.0,36.05070665147569,54.0737551200537,183.09547424316406,97.9931869506836,0.07666666666666666,0.13043478260869565,0.2755831778049469,10.0,3.0,0.0,0.0,0.0,grass,False,False,False,0.0,LowMatchability,0.08398144853371513,1.0,0.0,0.0,0.0,0.2827506404037309,0.1081475102401074,0.07666666666666666,0.13043478260869565,0.2755831778049469,"[{""rule"": ""rich_texture"", ""metric"": ""texture_entropy"", ""value"": 0.083981, ""condition"": "">= 0.48"", ""fired"": false, ""contribution"": 0.0, ""explanation"": ""Rich intensity structure supports distinctive features.""}, {""rule"": ""many_features"", ""metric"": ""feature_count"", ""value"": 0.0, ""condition"": "">= 0.25"", ""fired"": false, ""contribution"": 0.0, ""explanation"": ""Sufficient ORB support is available.""}, {""rule"": ""too_few_features"", ""metric"": ""feature_count"", ""value"": 0.0, ""condition"": ""<= 0.03"", ""fired"": true, ""contribution"": -0.25, ""explanation"": ""Too few descriptors makes place matching underconstrained.""}, {""rule"": ""low_texture"", ""metric"": ""texture_entropy"", ""value"": 0.083981, ""condition"": ""<= 0.25"", ""fired"": true, ""contribution"": -0.15, ""explanation"": ""Low intensity entropy provides little distinctive structure.""}, {""rule"": ""distributed_features"", ""metric"": ""feature_distribution_uniformity"", ""value"": 0.0, ""condition"": "">= 0.55"", ""fired"": false, ""contribution"": 0.0, ""explanation"": ""Features cover the image and improve geometric observability.""}, {""rule"": ""low_aliasing"", ""metric"": ""repetitiveness_score"", ""value"": 0.0, ""condition"": ""<= 0.35"", ""fired"": true, ""contribution"": 0.1, ""explanation"": ""Low descriptor self-similarity reduces false-place risk.""}, {""rule"": ""repetitive_aliasing"", ""metric"": ""repetitiveness_score"", ""value"": 0.0, ""condition"": "">= 0.55"", ""fired"": false, ""contribution"": 0.0, ""explanation"": ""Repeated descriptors increase perceptual aliasing risk.""}, {""rule"": ""sharp_image"", ""metric"": ""blur_quality"", ""value"": 0.108148, ""condition"": "">= 0.25"", ""fired"": false, ""contribution"": 0.0, ""explanation"": ""Laplacian energy indicates usable image sharpness.""}, {""rule"": ""exposure_quality"", ""metric"": ""brightness_quality"", ""value"": 0.282751, ""condition"": "">= 0.55"", ""fired"": false, ""contribution"": 0.0, ""explanation"": ""Exposure is away from saturation and darkness.""}, {""rule"": ""stable_tracks"", ""metric"": ""flow_valid_ratio"", ""value"": 0.076667, ""condition"": "">= 0.65"", ""fired"": false, ""contribution"": 0.0, ""explanation"": ""Most short-term features remain trackable.""}, {""rule"": ""coherent_geometry"", ""metric"": ""flow_inlier_ratio"", ""value"": 0.130435, ""condition"": "">= 0.7"", ""fired"": false, ""contribution"": 0.0, ""explanation"": ""RANSAC-consistent flow supports temporal stability.""}, {""rule"": ""inconsistent_flow"", ""metric"": ""flow_inlier_ratio"", ""value"": 0.130435, ""condition"": ""<= 0.3"", ""fired"": true, ""contribution"": -0.16, ""explanation"": ""Inconsistent flow suggests dynamic or unstable texture.""}]"
r00_grass_blur,0.8,1.8882545666208301,0.9858147490447684,0.0,1.0,0,0.0,0.0,80.24466281467014,1.7286780609024894,1.7271696329116821,1.4088551998138428,0.9966666666666667,0.5284280936454849,0.07122001051902771,10.0,3.0,0.0,0.0,0.0,grass,False,False,False,0.22999999999999998,LowMatchability,0.23603182082760377,1.0,0.0,0.0,0.0,0.6293699044287854,0.003457356121804979,0.9966666666666667,0.5284280936454849,0.07122001051902771,"[{""rule"": ""rich_texture"", ""metric"": ""texture_entropy"", ""value"": 0.236032, ""condition"": "">= 0.48"", ""fired"": false, ""contribution"": 0.0, ""explanation"": ""Rich intensity structure supports distinctive features.""}, {""rule"": ""many_features"", ""metric"": ""feature_count"", ""value"": 0.0, ""condition"": "">= 0.25"", ""fired"": false, ""contribution"": 0.0, ""explanation"": ""Sufficient ORB support is available.""}, {""rule"": ""too_few_features"", ""metric"": ""feature_count"", ""value"": 0.0, ""condition"": ""<= 0.03"", ""fired"": true, ""contribution"": -0.25, ""explanation"": ""Too few descriptors makes place matching underconstrained.""}, {""rule"": ""low_texture"", ""metric"": ""texture_entropy"", ""value"": 0.236032, ""condition"": ""<= 0.25"", ""fired"": true, ""contribution"": -0.15, ""explanation"": ""Low intensity entropy provides little distinctive structure.""}, {""rule"": ""distributed_features"", ""metric"": ""feature_distribution_uniformity"", ""value"": 0.0, ""condition"": "">= 0.55"", ""fired"": false, ""contribution"": 0.0, ""explanation"": ""Features cover the image and improve geometric observability.""}, {""rule"": ""low_aliasing"", ""metric"": ""repetitiveness_score"", ""value"": 0.0, ""condition"": ""<= 0.35"", ""fired"": true, ""contribution"": 0.1, ""explanation"": ""Low descriptor self-similarity reduces false-place risk.""}, {""rule"": ""repetitive_aliasing"", ""metric"": ""repetitiveness_score"", ""value"": 0.0, ""condition"": "">= 0.55"", ""fired"": false, ""contribution"": 0.0, ""explanation"": ""Repeated descriptors increase perceptual aliasing risk.""}, {""rule"": ""sharp_image"", ""metric"": ""blur_quality"", ""value"": 0.003457, ""condition"": "">= 0.25"", ""fired"": false, ""contribution"": 0.0, ""explanation"": ""Laplacian energy indicates usable image sharpness.""}, {""rule"": ""exposure_quality"", ""metric"": ""brightness_quality"", ""value"": 0.62937, ""condition"": "">= 0.55"", ""fired"": true, ""contribution"": 0.05, ""explanation"": ""Exposure is away from saturation and darkness.""}, {""rule"": ""stable_tracks"", ""metric"": ""flow_valid_ratio"", ""value"": 0.996667, ""condition"": "">= 0.65"", ""fired"": true, ""contribution"": 0.06, ""explanation"": ""Most short-term features remain trackable.""}, {""rule"": ""coherent_geometry"", ""metric"": ""flow_inlier_ratio"", ""value"": 0.528428, ""condition"": "">= 0.7"", ""fired"": false, ""contribution"": 0.0, ""explanation"": ""RANSAC-consistent flow supports temporal stability.""}, {""rule"": ""inconsistent_flow"", ""metric"": ""flow_inlier_ratio"", ""value"": 0.528428, ""condition"": ""<= 0.3"", ""fired"": false, ""contribution"": 0.0, ""explanation"": ""Inconsistent flow suggests dynamic or unstable texture.""}]"
r00_grass_yaw,0.9,1.2663017578749798,6.579031607986967,0.0,1.0,38,0.6218939187118526,0.0,80.11705186631944,48.172227258299614,9.644540786743164,5.213995456695557,0.9866666666666667,0.06756756756756757,0.08326438069343567,10.0,3.0,0.0,0.0,0.0,grass,True,False,False,0.44000000000000006,MediumMatchability,0.15828771973437247,1.0,0.042222222222222223,0.6218939187118526,0.0,0.6283690342456427,0.09634445451659923,0.9866666666666667,0.06756756756756757,0.08326438069343567,"[{""rule"": ""rich_texture"", ""metric"": ""texture_entropy"", ""value"": 0.158288, ""condition"": "">= 0.48"", ""fired"": false, ""contribution"": 0.0, ""explanation"": ""Rich intensity structure supports distinctive features.""}, {""rule"": ""many_features"", ""metric"": ""feature_count"", ""value"": 0.042222, ""condition"": "">= 0.25"", ""fired"": false, ""contribution"": 0.0, ""explanation"": ""Sufficient ORB support is available.""}, {""rule"": ""too_few_features"", ""metric"": ""feature_count"", ""value"": 0.042222, ""condition"": ""<= 0.03"", ""fired"": false, ""contribution"": 0.0, ""explanation"": ""Too few descriptors makes place matching underconstrained.""}, {""rule"": ""low_texture"", ""metric"": ""texture_entropy"", ""value"": 0.158288, ""condition"": ""<= 0.25"", ""fired"": true, ""contribution"": -0.15, ""explanation"": ""Low intensity entropy provides little distinctive structure.""}, {""rule"": ""distributed_features"", ""metric"": ""feature_distribution_uniformity"", ""value"": 0.621894, ""condition"": "">= 0.55"", ""fired"": true, ""contribution"": 0.12, ""explanation"": ""Features cover the image and improve geometric observability.""}, {""rule"": ""low_aliasing"", ""metric"": ""repetitiveness_score"", ""value"": 0.0, ""condition"": ""<= 0.35"", ""fired"": true, ""contribution"": 0.1, ""explanation"": ""Low descriptor self-similarity reduces false-place risk.""}, {""rule"": ""repetitive_aliasing"", ""metric"": ""repetitiveness_score"", ""value"": 0.0, ""condition"": "">= 0.55"", ""fired"": false, ""contribution"": 0.0, ""explanation"": ""Repeated descriptors increase perceptual aliasing risk.""}, {""rule"": ""sharp_image"", ""metric"": ""blur_quality"", ""value"": 0.096344, ""condition"": "">= 0.25"", ""fired"": false, ""contribution"": 0.0, ""explanation"": ""Laplacian energy indicates usable image sharpness.""}, {""rule"": ""exposure_quality"", ""metric"": ""brightness_quality"", ""value"": 0.628369, ""condition"": "">= 0.55"", ""fired"": true, ""contribution"": 0.05, ""explanation"": ""Exposure is away from saturation and darkness.""}, {""rule"": ""stable_tracks"", ""metric"": ""flow_valid_ratio"", ""value"": 0.986667, ""condition"": "">= 0.65"", ""fired"": true, ""contribution"": 0.06, ""explanation"": ""Most short-term features remain trackable.""}, {""rule"": ""coherent_geometry"", ""metric"": ""flow_inlier_ratio"", ""value"": 0.067568, ""condition"": "">= 0.7"", ""fired"": false, ""contribution"": 0.0, ""explanation"": ""RANSAC-consistent flow supports temporal stability.""}, {""rule"": ""inconsistent_flow"", ""metric"": ""flow_inlier_ratio"", ""value"": 0.067568, ""condition"": ""<= 0.3"", ""fired"": true, ""contribution"": -0.16, ""explanation"": ""Inconsistent flow suggests dynamic or unstable texture.""}]"
r00_urban_building_normal,1.0,4.589129475719109,1177.971169096268,0.05000135633680555,1.0,691,0.8967228753152625,0.7959479015918958,118.06915961371527,859.4652506510416,5.83097505569458,0.0003007078485097736,1.0,1.0,1.0,10.0,3.0,0.0,0.0,0.0,urban_building,False,False,True,0.86,HighMatchability,0.5736411844648887,1.0,0.7677777777777778,0.8967228753152625,0.7959479015918958,0.9260326244212962,1.0,1.0,1.0,1.0,"[{""rule"": ""rich_texture"", ""metric"": ""texture_entropy"", ""value"": 0.573641, ""condition"": "">= 0.48"", ""fired"": true, ""contribution"": 0.1, ""explanation"": ""Rich intensity structure supports distinctive features.""}, {""rule"": ""many_features"", ""metric"": ""feature_count"", ""value"": 0.767778, ""condition"": "">= 0.25"", ""fired"": true, ""contribution"": 0.09, ""explanation"": ""Sufficient ORB support is available.""}, {""rule"": ""too_few_features"", ""metric"": ""feature_count"", ""value"": 0.767778, ""condition"": ""<= 0.03"", ""fired"": false, ""contribution"": 0.0, ""explanation"": ""Too few descriptors makes place matching underconstrained.""}, {""rule"": ""low_texture"", ""metric"": ""texture_entropy"", ""value"": 0.573641, ""condition"": ""<= 0.25"", ""fired"": false, ""contribution"": 0.0, ""explanation"": ""Low intensity entropy provides little distinctive structure.""}, {""rule"": ""distributed_features"", ""metric"": ""feature_distribution_uniformity"", ""value"": 0.896723, ""condition"": "">= 0.55"", ""fired"": true, ""contribution"": 0.12, ""explanation"": ""Features cover the image and improve geometric observability.""}, {""rule"": ""low_aliasing"", ""metric"": ""repetitiveness_score"", ""value"": 0.795948, ""condition"": ""<= 0.35"", ""fired"": false, ""contribution"": 0.0, ""explanation"": ""Low descriptor self-similarity reduces false-place risk.""}, {""rule"": ""repetitive_aliasing"", ""metric"": ""repetitiveness_score"", ""value"": 0.795948, ""condition"": "">= 0.55"", ""fired"": true, ""contribution"": -0.18, ""explanation"": ""Repeated descriptors increase perceptual aliasing risk.""}, {""rule"": ""sharp_image"", ""metric"": ""blur_quality"", ""value"": 1.0, ""condition"": "">= 0.25"", ""fired"": true, ""contribution"": 0.08, ""explanation"": ""Laplacian energy indicates usable image sharpness.""}, {""rule"": ""exposure_quality"", ""metric"": ""brightness_quality"", ""value"": 0.926033, ""condition"": "">= 0.55"", ""fired"": true, ""contribution"": 0.05, ""explanation"": ""Exposure is away from saturation and darkness.""}, {""rule"": ""stable_tracks"", ""metric"": ""flow_valid_ratio"", ""value"": 1.0, ""condition"": "">= 0.65"", ""fired"": true, ""contribution"": 0.06, ""explanation"": ""Most short-term features remain trackable.""}, {""rule"": ""coherent_geometry"", ""metric"": ""flow_inlier_ratio"", ""value"": 1.0, ""condition"": "">= 0.7"", ""fired"": true, ""contribution"": 0.12, ""explanation"": ""RANSAC-consistent flow supports temporal stability.""}, {""rule"": ""inconsistent_flow"", ""metric"": ""flow_inlier_ratio"", ""value"": 1.0, ""condition"": ""<= 0.3"", ""fired"": false, ""contribution"": 0.0, ""explanation"": ""Inconsistent flow suggests dynamic or unstable texture.""}]"
r00_urban_building_bright,1.1,4.676222251030867,1845.6894870388928,0.05377197265625,1.0,699,0.8870344494064013,0.8125894134477826,169.89364284939236,1335.8694525824653,31.987014770507812,55.2929801940918,0.8066666666666666,0.4297520661157025,0.6034883856773376,10.0,3.0,0.0,0.0,0.0,urban_building,False,False,True,0.74,HighMatchability,0.5845277813788584,1.0,0.7766666666666666,0.8870344494064013,0.8125894134477826,0.6675008403969227,1.0,0.8066666666666666,0.4297520661157025,0.6034883856773376,"[{""rule"": ""rich_texture"", ""metric"": ""texture_entropy"", ""value"": 0.584528, ""condition"": "">= 0.48"", ""fired"": true, ""contribution"": 0.1, ""explanation"": ""Rich intensity structure supports distinctive features.""}, {""rule"": ""many_features"", ""metric"": ""feature_count"", ""value"": 0.776667, ""condition"": "">= 0.25"", ""fired"": true, ""contribution"": 0.09, ""explanation"": ""Sufficient ORB support is available.""}, {""rule"": ""too_few_features"", ""metric"": ""feature_count"", ""value"": 0.776667, ""condition"": ""<= 0.03"", ""fired"": false, ""contribution"": 0.0, ""explanation"": ""Too few descriptors makes place matching underconstrained.""}, {""rule"": ""low_texture"", ""metric"": ""texture_entropy"", ""value"": 0.584528, ""condition"": ""<= 0.25"", ""fired"": false, ""contribution"": 0.0, ""explanation"": ""Low intensity entropy provides little distinctive structure.""}, {""rule"": ""distributed_features"", ""metric"": ""feature_distribution_uniformity"", ""value"": 0.887034, ""condition"": "">= 0.55"", ""fired"": true, ""contribution"": 0.12, ""explanation"": ""Features cover the image and improve geometric observability.""}, {""rule"": ""low_aliasing"", ""metric"": ""repetitiveness_score"", ""value"": 0.812589, ""condition"": ""<= 0.35"", ""fired"": false, ""contribution"": 0.0, ""explanation"": ""Low descriptor self-similarity reduces false-place risk.""}, {""rule"": ""repetitive_aliasing"", ""metric"": ""repetitiveness_score"", ""value"": 0.812589, ""condition"": "">= 0.55"", ""fired"": true, ""contribution"": -0.18, ""explanation"": ""Repeated descriptors increase perceptual aliasing risk.""}, {""rule"": ""sharp_image"", ""metric"": ""blur_quality"", ""value"": 1.0, ""condition"": "">= 0.25"", ""fired"": true, ""contribution"": 0.08, ""explanation"": ""Laplacian energy indicates usable image sharpness.""}, {""rule"": ""exposure_quality"", ""metric"": ""brightness_quality"", ""value"": 0.667501, ""condition"": "">= 0.55"", ""fired"": true, ""contribution"": 0.05, ""explanation"": ""Exposure is away from saturation and darkness.""}, {""rule"": ""stable_tracks"", ""metric"": ""flow_valid_ratio"", ""value"": 0.806667, ""condition"": "">= 0.65"", ""fired"": true, ""contribution"": 0.06, ""explanation"": ""Most short-term features remain trackable.""}, {""rule"": ""coherent_geometry"", ""metric"": ""flow_inlier_ratio"", ""value"": 0.429752, ""condition"": "">= 0.7"", ""fired"": false, ""contribution"": 0.0, ""explanation"": ""RANSAC-consistent flow supports temporal stability.""}, {""rule"": ""inconsistent_flow"", ""metric"": ""flow_inlier_ratio"", ""value"": 0.429752, ""condition"": ""<= 0.3"", ""fired"": false, ""contribution"": 0.0, ""explanation"": ""Inconsistent flow suggests dynamic or unstable texture.""}]"
r00_urban_building_dark,1.2,4.400681033417256,423.53154823069036,0.03422715928819445,1.0,577,0.8875024640001222,0.8405545927209706,59.030483669704864,308.4638264973958,136.80172729492188,79.35135650634766,0.3433333333333333,0.05825242718446602,0.2654726505279541,10.0,3.0,0.0,0.0,0.0,urban_building,False,False,True,0.47,MediumMatchability,0.550085129177157,1.0,0.6411111111111111,0.8875024640001222,0.8405545927209706,0.4629841856447441,0.6169276529947916,0.3433333333333333,0.05825242718446602,0.2654726505279541,"[{""rule"": ""rich_texture"", ""metric"": ""texture_entropy"", ""value"": 0.550085, ""condition"": "">= 0.48"", ""fired"": true, ""contribution"": 0.1, ""explanation"": ""Rich intensity structure supports distinctive features.""}, {""rule"": ""many_features"", ""metric"": ""feature_count"", ""value"": 0.641111, ""condition"": "">= 0.25"", ""fired"": true, ""contribution"": 0.09, ""explanation"": ""Sufficient ORB support is available.""}, {""rule"": ""too_few_features"", ""metric"": ""feature_count"", ""value"": 0.641111, ""condition"": ""<= 0.03"", ""fired"": false, ""contribution"": 0.0, ""explanation"": ""Too few descriptors makes place matching underconstrained.""}, {""rule"": ""low_texture"", ""metric"": ""texture_entropy"", ""value"": 0.550085, ""condition"": ""<= 0.25"", ""fired"": false, ""contribution"": 0.0, ""explanation"": ""Low intensity entropy provides little distinctive structure.""}, {""rule"": ""distributed_features"", ""metric"": ""feature_distribution_uniformity"", ""value"": 0.887502, ""condition"": "">= 0.55"", ""fired"": true, ""contribution"": 0.12, ""explanation"": ""Features cover the image and improve geometric observability.""}, {""rule"": ""low_aliasing"", ""metric"": ""repetitiveness_score"", ""value"": 0.840555, ""condition"": ""<= 0.35"", ""fired"": false, ""contribution"": 0.0, ""explanation"": ""Low descriptor self-similarity reduces false-place risk.""}, {""rule"": ""repetitive_aliasing"", ""metric"": ""repetitiveness_score"", ""value"": 0.840555, ""condition"": "">= 0.55"", ""fired"": true, ""contribution"": -0.18, ""explanation"": ""Repeated descriptors increase perceptual aliasing risk.""}, {""rule"": ""sharp_image"", ""metric"": ""blur_quality"", ""value"": 0.616928, ""condition"": "">= 0.25"", ""fired"": true, ""contribution"": 0.08, ""explanation"": ""Laplacian energy indicates usable image sharpness.""}, {""rule"": ""exposure_quality"", ""metric"": ""brightness_quality"", ""value"": 0.462984, ""condition"": "">= 0.55"", ""fired"": false, ""contribution"": 0.0, ""explanation"": ""Exposure is away from saturation and darkness.""}, {""rule"": ""stable_tracks"", ""metric"": ""flow_valid_ratio"", ""value"": 0.343333, ""condition"": "">= 0.65"", ""fired"": false, ""contribution"": 0.0, ""explanation"": ""Most short-term features remain trackable.""}, {""rule"": ""coherent_geometry"", ""metric"": ""flow_inlier_ratio"", ""value"": 0.058252, ""condition"": "">= 0.7"", ""fired"": false, ""contribution"": 0.0, ""explanation"": ""RANSAC-consistent flow supports temporal stability.""}, {""rule"": ""inconsistent_flow"", ""metric"": ""flow_inlier_ratio"", ""value"": 0.058252, ""condition"": ""<= 0.3"", ""fired"": true, ""contribution"": -0.16, ""explanation"": ""Inconsistent flow suggests dynamic or unstable texture.""}]"
r00_urban_building_blur,1.3,6.032377459232443,937.2741132133904,0.028937445746527776,1.0,496,0.8062717639678498,0.8205645161290323,118.50543891059027,125.41018337673611,0.112104631960392,0.07592922449111938,1.0,1.0,0.11772403120994568,10.0,3.0,0.0,0.0,0.0,urban_building,False,False,True,0.86,HighMatchability,0.7540471824040553,1.0,0.5511111111111111,0.8062717639678498,0.8205645161290323,0.9294544228281589,0.25082036675347225,1.0,1.0,0.11772403120994568,"[{""rule"": ""rich_texture"", ""metric"": ""texture_entropy"", ""value"": 0.754047, ""condition"": "">= 0.48"", ""fired"": true, ""contribution"": 0.1, ""explanation"": ""Rich intensity structure supports distinctive features.""}, {""rule"": ""many_features"", ""metric"": ""feature_count"", ""value"": 0.551111, ""condition"": "">= 0.25"", ""fired"": true, ""contribution"": 0.09, ""explanation"": ""Sufficient ORB support is available.""}, {""rule"": ""too_few_features"", ""metric"": ""feature_count"", ""value"": 0.551111, ""condition"": ""<= 0.03"", ""fired"": false, ""contribution"": 0.0, ""explanation"": ""Too few descriptors makes place matching underconstrained.""}, {""rule"": ""low_texture"", ""metric"": ""texture_entropy"", ""value"": 0.754047, ""condition"": ""<= 0.25"", ""fired"": false, ""contribution"": 0.0, ""explanation"": ""Low intensity entropy provides little distinctive structure.""}, {""rule"": ""distributed_features"", ""metric"": ""feature_distribution_uniformity"", ""value"": 0.806272, ""condition"": "">= 0.55"", ""fired"": true, ""contribution"": 0.12, ""explanation"": ""Features cover the image and improve geometric observability.""}, {""rule"": ""low_aliasing"", ""metric"": ""repetitiveness_score"", ""value"": 0.820565, ""condition"": ""<= 0.35"", ""fired"": false, ""contribution"": 0.0, ""explanation"": ""Low descriptor self-similarity reduces false-place risk.""}, {""rule"": ""repetitive_aliasing"", ""metric"": ""repetitiveness_score"", ""value"": 0.820565, ""condition"": "">= 0.55"", ""fired"": true, ""contribution"": -0.18, ""explanation"": ""Repeated descriptors increase perceptual aliasing risk.""}, {""rule"": ""sharp_image"", ""metric"": ""blur_quality"", ""value"": 0.25082, ""condition"": "">= 0.25"", ""fired"": true, ""contribution"": 0.08, ""explanation"": ""Laplacian energy indicates usable image sharpness.""}, {""rule"": ""exposure_quality"", ""metric"": ""brightness_quality"", ""value"": 0.929454, ""condition"": "">= 0.55"", ""fired"": true, ""contribution"": 0.05, ""explanation"": ""Exposure is away from saturation and darkness.""}, {""rule"": ""stable_tracks"", ""metric"": ""flow_valid_ratio"", ""value"": 1.0, ""condition"": "">= 0.65"", ""fired"": true, ""contribution"": 0.06, ""explanation"": ""Most short-term features remain trackable.""}, {""rule"": ""coherent_geometry"", ""metric"": ""flow_inlier_ratio"", ""value"": 1.0, ""condition"": "">= 0.7"", ""fired"": true, ""contribution"": 0.12, ""explanation"": ""RANSAC-consistent flow supports temporal stability.""}, {""rule"": ""inconsistent_flow"", ""metric"": ""flow_inlier_ratio"", ""value"": 1.0, ""condition"": ""<= 0.3"", ""fired"": false, ""contribution"": 0.0, ""explanation"": ""Inconsistent flow suggests dynamic or unstable texture.""}]"
r00_urban_building_yaw,1.4,5.045427493579654,1146.0562410663215,0.0646633572048611,1.0,891,0.9090344494824936,0.835016835016835,117.93696424696181,355.6634531679253,58.84694290161133,33.288639068603516,0.9333333333333333,0.04285714285714286,0.314814954996109,10.0,3.0,0.0,0.0,0.0,urban_building,True,False,True,0.58,MediumMatchability,0.6306784366974567,1.0,0.99,0.9090344494824936,0.835016835016835,0.9249957980153867,0.7113269063358506,0.9333333333333333,0.04285714285714286,0.314814954996109,"[{""rule"": ""rich_texture"", ""metric"": ""texture_entropy"", ""value"": 0.630678, ""condition"": "">= 0.48"", ""fired"": true, ""contribution"": 0.1, ""explanation"": ""Rich intensity structure supports distinctive features.""}, {""rule"": ""many_features"", ""metric"": ""feature_count"", ""value"": 0.99, ""condition"": "">= 0.25"", ""fired"": true, ""contribution"": 0.09, ""explanation"": ""Sufficient ORB support is available.""}, {""rule"": ""too_few_features"", ""metric"": ""feature_count"", ""value"": 0.99, ""condition"": ""<= 0.03"", ""fired"": false, ""contribution"": 0.0, ""explanation"": ""Too few descriptors makes place matching underconstrained.""}, {""rule"": ""low_texture"", ""metric"": ""texture_entropy"", ""value"": 0.630678, ""condition"": ""<= 0.25"", ""fired"": false, ""contribution"": 0.0, ""explanation"": ""Low intensity entropy provides little distinctive structure.""}, {""rule"": ""distributed_features"", ""metric"": ""feature_distribution_uniformity"", ""value"": 0.909034, ""condition"": "">= 0.55"", ""fired"": true, ""contribution"": 0.12, ""explanation"": ""Features cover the image and improve geometric observability.""}, {""rule"": ""low_aliasing"", ""metric"": ""repetitiveness_score"", ""value"": 0.835017, ""condition"": ""<= 0.35"", ""fired"": false, ""contribution"": 0.0, ""explanation"": ""Low descriptor self-similarity reduces false-place risk.""}, {""rule"": ""repetitive_aliasing"", ""metric"": ""repetitiveness_score"", ""value"": 0.835017, ""condition"": "">= 0.55"", ""fired"": true, ""contribution"": -0.18, ""explanation"": ""Repeated descriptors increase perceptual aliasing risk.""}, {""rule"": ""sharp_image"", ""metric"": ""blur_quality"", ""value"": 0.711327, ""condition"": "">= 0.25"", ""fired"": true, ""contribution"": 0.08, ""explanation"": ""Laplacian energy indicates usable image sharpness.""}, {""rule"": ""exposure_quality"", ""metric"": ""brightness_quality"", ""value"": 0.924996, ""condition"": "">= 0.55"", ""fired"": true, ""contribution"": 0.05, ""explanation"": ""Exposure is away from saturation and darkness.""}, {""rule"": ""stable_tracks"", ""metric"": ""flow_valid_ratio"", ""value"": 0.933333, ""condition"": "">= 0.65"", ""fired"": true, ""contribution"": 0.06, ""explanation"": ""Most short-term features remain trackable.""}, {""rule"": ""coherent_geometry"", ""metric"": ""flow_inlier_ratio"", ""value"": 0.042857, ""condition"": "">= 0.7"", ""fired"": false, ""contribution"": 0.0, ""explanation"": ""RANSAC-consistent flow supports temporal stability.""}, {""rule"": ""inconsistent_flow"", ""metric"": ""flow_inlier_ratio"", ""value"": 0.042857, ""condition"": ""<= 0.3"", ""fired"": true, ""contribution"": -0.16, ""explanation"": ""Inconsistent flow suggests dynamic or unstable texture.""}]"
r00_water_normal,1.5,2.6760685054565476,32.11505714592373,0.0,0.39333767361111116,0,0.0,0.0,92.95197211371527,5.0874754806727545,6.271114349365234,1.2640800476074219,1.0,0.8888888888888888,0.9044280648231506,10.0,3.0,0.0,0.0,0.0,water,False,False,False,0.5,MediumMatchability,0.33450856318206845,0.39333767361111116,0.0,0.0,0.0,0.7290350754016883,0.010174950961345509,1.0,0.8888888888888888,0.9044280648231506,"[{""rule"": ""rich_texture"", ""metric"": ""texture_entropy"", ""value"": 0.334509, ""condition"": "">= 0.48"", ""fired"": false, ""contribution"": 0.0, ""explanation"": ""Rich intensity structure supports distinctive features.""}, {""rule"": ""many_features"", ""metric"": ""feature_count"", ""value"": 0.0, ""condition"": "">= 0.25"", ""fired"": false, ""contribution"": 0.0, ""explanation"": ""Sufficient ORB support is available.""}, {""rule"": ""too_few_features"", ""metric"": ""feature_count"", ""value"": 0.0, ""condition"": ""<= 0.03"", ""fired"": true, ""contribution"": -0.25, ""explanation"": ""Too few descriptors makes place matching underconstrained.""}, {""rule"": ""low_texture"", ""metric"": ""texture_entropy"", ""value"": 0.334509, ""condition"": ""<= 0.25"", ""fired"": false, ""contribution"": 0.0, ""explanation"": ""Low intensity entropy provides little distinctive structure.""}, {""rule"": ""distributed_features"", ""metric"": ""feature_distribution_uniformity"", ""value"": 0.0, ""condition"": "">= 0.55"", ""fired"": false, ""contribution"": 0.0, ""explanation"": ""Features cover the image and improve geometric observability.""}, {""rule"": ""low_aliasing"", ""metric"": ""repetitiveness_score"", ""value"": 0.0, ""condition"": ""<= 0.35"", ""fired"": true, ""contribution"": 0.1, ""explanation"": ""Low descriptor self-similarity reduces false-place risk.""}, {""rule"": ""repetitive_aliasing"", ""metric"": ""repetitiveness_score"", ""value"": 0.0, ""condition"": "">= 0.55"", ""fired"": false, ""contribution"": 0.0, ""explanation"": ""Repeated descriptors increase perceptual aliasing risk.""}, {""rule"": ""sharp_image"", ""metric"": ""blur_quality"", ""value"": 0.010175, ""condition"": "">= 0.25"", ""fired"": false, ""contribution"": 0.0, ""explanation"": ""Laplacian energy indicates usable image sharpness.""}, {""rule"": ""exposure_quality"", ""metric"": ""brightness_quality"", ""value"": 0.729035, ""condition"": "">= 0.55"", ""fired"": true, ""contribution"": 0.05, ""explanation"": ""Exposure is away from saturation and darkness.""}, {""rule"": ""stable_tracks"", ""metric"": ""flow_valid_ratio"", ""value"": 1.0, ""condition"": "">= 0.65"", ""fired"": true, ""contribution"": 0.06, ""explanation"": ""Most short-term features remain trackable.""}, {""rule"": ""coherent_geometry"", ""metric"": ""flow_inlier_ratio"", ""value"": 0.888889, ""condition"": "">= 0.7"", ""fired"": true, ""contribution"": 0.12, ""explanation"": ""RANSAC-consistent flow supports temporal stability.""}, {""rule"": ""inconsistent_flow"", ""metric"": ""flow_inlier_ratio"", ""value"": 0.888889, ""condition"": ""<= 0.3"", ""fired"": false, ""contribution"": 0.0, ""explanation"": ""Inconsistent flow suggests dynamic or unstable texture.""}]"
r00_water_bright,1.6,2.6843874223148796,51.16875932761181,0.0,0.32552083333333337,0,0.0,0.0,138.08412000868054,6.501754495096795,0.0,0.0,0.0,0.0,0.0,10.0,3.0,0.0,0.0,0.0,water,False,False,False,0.16,LowMatchability,0.33554842778935995,0.32552083333333337,0.0,0.0,0.0,0.9169872940495644,0.013003508990193589,,,,"[{""rule"": ""rich_texture"", ""metric"": ""texture_entropy"", ""value"": 0.335548, ""condition"": "">= 0.48"", ""fired"": false, ""contribution"": 0.0, ""explanation"": ""Rich intensity structure supports distinctive features.""}, {""rule"": ""many_features"", ""metric"": ""feature_count"", ""value"": 0.0, ""condition"": "">= 0.25"", ""fired"": false, ""contribution"": 0.0, ""explanation"": ""Sufficient ORB support is available.""}, {""rule"": ""too_few_features"", ""metric"": ""feature_count"", ""value"": 0.0, ""condition"": ""<= 0.03"", ""fired"": true, ""contribution"": -0.25, ""explanation"": ""Too few descriptors makes place matching underconstrained.""}, {""rule"": ""low_texture"", ""metric"": ""texture_entropy"", ""value"": 0.335548, ""condition"": ""<= 0.25"", ""fired"": false, ""contribution"": 0.0, ""explanation"": ""Low intensity entropy provides little distinctive structure.""}, {""rule"": ""distributed_features"", ""metric"": ""feature_distribution_uniformity"", ""value"": 0.0, ""condition"": "">= 0.55"", ""fired"": false, ""contribution"": 0.0, ""explanation"": ""Features cover the image and improve geometric observability.""}, {""rule"": ""low_aliasing"", ""metric"": ""repetitiveness_score"", ""value"": 0.0, ""condition"": ""<= 0.35"", ""fired"": true, ""contribution"": 0.1, ""explanation"": ""Low descriptor self-similarity reduces false-place risk.""}, {""rule"": ""repetitive_aliasing"", ""metric"": ""repetitiveness_score"", ""value"": 0.0, ""condition"": "">= 0.55"", ""fired"": false, ""contribution"": 0.0, ""explanation"": ""Repeated descriptors increase perceptual aliasing risk.""}, {""rule"": ""sharp_image"", ""metric"": ""blur_quality"", ""value"": 0.013004, ""condition"": "">= 0.25"", ""fired"": false, ""contribution"": 0.0, ""explanation"": ""Laplacian energy indicates usable image sharpness.""}, {""rule"": ""exposure_quality"", ""metric"": ""brightness_quality"", ""value"": 0.916987, ""condition"": "">= 0.55"", ""fired"": true, ""contribution"": 0.05, ""explanation"": ""Exposure is away from saturation and darkness.""}, {""rule"": ""stable_tracks"", ""metric"": ""flow_valid_ratio"", ""value"": 0.0, ""condition"": "">= 0.65"", ""fired"": false, ""contribution"": 0.0, ""explanation"": ""Most short-term features remain trackable.""}, {""rule"": ""coherent_geometry"", ""metric"": ""flow_inlier_ratio"", ""value"": 0.0, ""condition"": "">= 0.7"", ""fired"": false, ""contribution"": 0.0, ""explanation"": ""RANSAC-consistent flow supports temporal stability.""}, {""rule"": ""inconsistent_flow"", ""metric"": ""flow_inlier_ratio"", ""value"": 0.0, ""condition"": ""<= 0.3"", ""fired"": true, ""contribution"": -0.16, ""explanation"": ""Inconsistent flow suggests dynamic or unstable texture.""}]"
r00_water_dark,1.7,2.639018842425711,12.495221321781477,0.0,0.3390842013888889,0,0.0,0.0,43.864217122395836,1.6414898501502142,0.0,0.0,0.0,0.0,0.0,10.0,3.0,0.0,0.0,0.0,water,False,False,False,0.11000000000000001,LowMatchability,0.3298773553032139,0.3390842013888889,0.0,0.0,0.0,0.34403307546977135,0.0032829797003004284,,,,"[{""rule"": ""rich_texture"", ""metric"": ""texture_entropy"", ""value"": 0.329877, ""condition"": "">= 0.48"", ""fired"": false, ""contribution"": 0.0, ""explanation"": ""Rich intensity structure supports distinctive features.""}, {""rule"": ""many_features"", ""metric"": ""feature_count"", ""value"": 0.0, ""condition"": "">= 0.25"", ""fired"": false, ""contribution"": 0.0, ""explanation"": ""Sufficient ORB support is available.""}, {""rule"": ""too_few_features"", ""metric"": ""feature_count"", ""value"": 0.0, ""condition"": ""<= 0.03"", ""fired"": true, ""contribution"": -0.25, ""explanation"": ""Too few descriptors makes place matching underconstrained.""}, {""rule"": ""low_texture"", ""metric"": ""texture_entropy"", ""value"": 0.329877, ""condition"": ""<= 0.25"", ""fired"": false, ""contribution"": 0.0, ""explanation"": ""Low intensity entropy provides little distinctive structure.""}, {""rule"": ""distributed_features"", ""metric"": ""feature_distribution_uniformity"", ""value"": 0.0, ""condition"": "">= 0.55"", ""fired"": false, ""contribution"": 0.0, ""explanation"": ""Features cover the image and improve geometric observability.""}, {""rule"": ""low_aliasing"", ""metric"": ""repetitiveness_score"", ""value"": 0.0, ""condition"": ""<= 0.35"", ""fired"": true, ""contribution"": 0.1, ""explanation"": ""Low descriptor self-similarity reduces false-place risk.""}, {""rule"": ""repetitive_aliasing"", ""metric"": ""repetitiveness_score"", ""value"": 0.0, ""condition"": "">= 0.55"", ""fired"": false, ""contribution"": 0.0, ""explanation"": ""Repeated descriptors increase perceptual aliasing risk.""}, {""rule"": ""sharp_image"", ""metric"": ""blur_quality"", ""value"": 0.003283, ""condition"": "">= 0.25"", ""fired"": false, ""contribution"": 0.0, ""explanation"": ""Laplacian energy indicates usable image sharpness.""}, {""rule"": ""exposure_quality"", ""metric"": ""brightness_quality"", ""value"": 0.344033, ""condition"": "">= 0.55"", ""fired"": false, ""contribution"": 0.0, ""explanation"": ""Exposure is away from saturation and darkness.""}, {""rule"": ""stable_tracks"", ""metric"": ""flow_valid_ratio"", ""value"": 0.0, ""condition"": "">= 0.65"", ""fired"": false, ""contribution"": 0.0, ""explanation"": ""Most short-term features remain trackable.""}, {""rule"": ""coherent_geometry"", ""metric"": ""flow_inlier_ratio"", ""value"": 0.0, ""condition"": "">= 0.7"", ""fired"": false, ""contribution"": 0.0, ""explanation"": ""RANSAC-consistent flow supports temporal stability.""}, {""rule"": ""inconsistent_flow"", ""metric"": ""flow_inlier_ratio"", ""value"": 0.0, ""condition"": ""<= 0.3"", ""fired"": true, ""contribution"": -0.16, ""explanation"": ""Inconsistent flow suggests dynamic or unstable texture.""}]"
r00_water_blur,1.8,2.697773824158308,32.335518618424736,0.0,0.2848307291666667,0,0.0,0.0,92.866455078125,5.027399672402277,1.3110060691833496,2.5859389305114746,0.8888888888888888,0.9375,0.921745240688324,10.0,3.0,0.0,0.0,0.0,water,False,False,False,0.5,MediumMatchability,0.3372217280197885,0.2848307291666667,0.0,0.0,0.0,0.7283643535539216,0.010054799344804554,0.8888888888888888,0.9375,0.921745240688324,"[{""rule"": ""rich_texture"", ""metric"": ""texture_entropy"", ""value"": 0.337222, ""condition"": "">= 0.48"", ""fired"": false, ""contribution"": 0.0, ""explanation"": ""Rich intensity structure supports distinctive features.""}, {""rule"": ""many_features"", ""metric"": ""feature_count"", ""value"": 0.0, ""condition"": "">= 0.25"", ""fired"": false, ""contribution"": 0.0, ""explanation"": ""Sufficient ORB support is available.""}, {""rule"": ""too_few_features"", ""metric"": ""feature_count"", ""value"": 0.0, ""condition"": ""<= 0.03"", ""fired"": true, ""contribution"": -0.25, ""explanation"": ""Too few descriptors makes place matching underconstrained.""}, {""rule"": ""low_texture"", ""metric"": ""texture_entropy"", ""value"": 0.337222, ""condition"": ""<= 0.25"", ""fired"": false, ""contribution"": 0.0, ""explanation"": ""Low intensity entropy provides little distinctive structure.""}, {""rule"": ""distributed_features"", ""metric"": ""feature_distribution_uniformity"", ""value"": 0.0, ""condition"": "">= 0.55"", ""fired"": false, ""contribution"": 0.0, ""explanation"": ""Features cover the image and improve geometric observability.""}, {""rule"": ""low_aliasing"", ""metric"": ""repetitiveness_score"", ""value"": 0.0, ""condition"": ""<= 0.35"", ""fired"": true, ""contribution"": 0.1, ""explanation"": ""Low descriptor self-similarity reduces false-place risk.""}, {""rule"": ""repetitive_aliasing"", ""metric"": ""repetitiveness_score"", ""value"": 0.0, ""condition"": "">= 0.55"", ""fired"": false, ""contribution"": 0.0, ""explanation"": ""Repeated descriptors increase perceptual aliasing risk.""}, {""rule"": ""sharp_image"", ""metric"": ""blur_quality"", ""value"": 0.010055, ""condition"": "">= 0.25"", ""fired"": false, ""contribution"": 0.0, ""explanation"": ""Laplacian energy indicates usable image sharpness.""}, {""rule"": ""exposure_quality"", ""metric"": ""brightness_quality"", ""value"": 0.728364, ""condition"": "">= 0.55"", ""fired"": true, ""contribution"": 0.05, ""explanation"": ""Exposure is away from saturation and darkness.""}, {""rule"": ""stable_tracks"", ""metric"": ""flow_valid_ratio"", ""value"": 0.888889, ""condition"": "">= 0.65"", ""fired"": true, ""contribution"": 0.06, ""explanation"": ""Most short-term features remain trackable.""}, {""rule"": ""coherent_geometry"", ""metric"": ""flow_inlier_ratio"", ""value"": 0.9375, ""condition"": "">= 0.7"", ""fired"": true, ""contribution"": 0.12, ""explanation"": ""RANSAC-consistent flow supports temporal stability.""}, {""rule"": ""inconsistent_flow"", ""metric"": ""flow_inlier_ratio"", ""value"": 0.9375, ""condition"": ""<= 0.3"", ""fired"": false, ""contribution"": 0.0, ""explanation"": ""Inconsistent flow suggests dynamic or unstable texture.""}]"
r00_water_yaw,1.9,4.01757684495366,31.140741749862098,0.0,1.0,0,0.0,0.0,92.86386447482639,6.836364745679828,0.0,0.0,0.16666666666666666,0.0,0.0,10.0,3.0,0.0,0.0,0.0,water,False,False,False,0.26,LowMatchability,0.5021971056192075,1.0,0.0,0.0,0.0,0.7283440350966776,0.013672729491359656,,,,"[{""rule"": ""rich_texture"", ""metric"": ""texture_entropy"", ""value"": 0.502197, ""condition"": "">= 0.48"", ""fired"": true, ""contribution"": 0.1, ""explanation"": ""Rich intensity structure supports distinctive features.""}, {""rule"": ""many_features"", ""metric"": ""feature_count"", ""value"": 0.0, ""condition"": "">= 0.25"", ""fired"": false, ""contribution"": 0.0, ""explanation"": ""Sufficient ORB support is available.""}, {""rule"": ""too_few_features"", ""metric"": ""feature_count"", ""value"": 0.0, ""condition"": ""<= 0.03"", ""fired"": true, ""contribution"": -0.25, ""explanation"": ""Too few descriptors makes place matching underconstrained.""}, {""rule"": ""low_texture"", ""metric"": ""texture_entropy"", ""value"": 0.502197, ""condition"": ""<= 0.25"", ""fired"": false, ""contribution"": 0.0, ""explanation"": ""Low intensity entropy provides little distinctive structure.""}, {""rule"": ""distributed_features"", ""metric"": ""feature_distribution_uniformity"", ""value"": 0.0, ""condition"": "">= 0.55"", ""fired"": false, ""contribution"": 0.0, ""explanation"": ""Features cover the image and improve geometric observability.""}, {""rule"": ""low_aliasing"", ""metric"": ""repetitiveness_score"", ""value"": 0.0, ""condition"": ""<= 0.35"", ""fired"": true, ""contribution"": 0.1, ""explanation"": ""Low descriptor self-similarity reduces false-place risk.""}, {""rule"": ""repetitive_aliasing"", ""metric"": ""repetitiveness_score"", ""value"": 0.0, ""condition"": "">= 0.55"", ""fired"": false, ""contribution"": 0.0, ""explanation"": ""Repeated descriptors increase perceptual aliasing risk.""}, {""rule"": ""sharp_image"", ""metric"": ""blur_quality"", ""value"": 0.013673, ""condition"": "">= 0.25"", ""fired"": false, ""contribution"": 0.0, ""explanation"": ""Laplacian energy indicates usable image sharpness.""}, {""rule"": ""exposure_quality"", ""metric"": ""brightness_quality"", ""value"": 0.728344, ""condition"": "">= 0.55"", ""fired"": true, ""contribution"": 0.05, ""explanation"": ""Exposure is away from saturation and darkness.""}, {""rule"": ""stable_tracks"", ""metric"": ""flow_valid_ratio"", ""value"": 0.0, ""condition"": "">= 0.65"", ""fired"": false, ""contribution"": 0.0, ""explanation"": ""Most short-term features remain trackable.""}, {""rule"": ""coherent_geometry"", ""metric"": ""flow_inlier_ratio"", ""value"": 0.0, ""condition"": "">= 0.7"", ""fired"": false, ""contribution"": 0.0, ""explanation"": ""RANSAC-consistent flow supports temporal stability.""}, {""rule"": ""inconsistent_flow"", ""metric"": ""flow_inlier_ratio"", ""value"": 0.0, ""condition"": ""<= 0.3"", ""fired"": true, ""contribution"": -0.16, ""explanation"": ""Inconsistent flow suggests dynamic or unstable texture.""}]"
