window_id,end_epoch,target_epoch,scenario,hard_label,soft_fault_prob,p_fault,uncertainty
502,531,531,medium,1,0.9353002,0.8911854,0.2123536
503,532,532,medium,1,0.9477374,0.870895,0.2477184
504,533,533,medium,1,0.9490739,0.8853037,0.2210556
505,534,534,medium,1,0.9509593,0.8880616,0.2134394
506,535,535,medium,1,0.954322,0.7780643,0.3508373
507,536,536,medium,1,0.9602077,0.5385921,0.590538
508,537,537,medium,1,0.9578346,0.779609,0.395769
509,538,538,medium,1,0.9489196,0.9094697,0.1781574
510,539,539,medium,1,0.942792,0.9190839,0.1601994
511,540,540,medium,1,0.9423823,0.9238854,0.1506017
512,541,541,medium,1,0.9487278,0.9243855,0.1494648
513,542,542,medium,1,0.9454906,0.9248523,0.1483584
514,543,543,medium,1,0.9414571,0.9245173,0.1490131
515,544,544,medium,1,0.9211976,0.9251446,0.1480309
516,545,545,medium,1,0.9017812,0.9253957,0.1477118
517,546,546,medium,1,0.8916786,0.9239563,0.1506213
518,547,547,medium,1,0.8884558,0.9206254,0.1572902
519,548,548,medium,1,0.8599647,0.9064254,0.1855074
520,549,549,medium,1,0.8269762,0.8921329,0.2142134
521,550,550,medium,1,0.817489,0.8841459,0.2302483
522,551,551,medium,1,0.7892333,0.8916708,0.2152931
523,552,552,medium,1,0.7628625,0.8919418,0.2137737
524,553,553,medium,1,0.7019212,0.8973983,0.2022664
525,554,554,medium,1,0.6420432,0.8984171,0.2001372
526,555,555,medium,1,0.6155889,0.8995755,0.1981616
527,556,556,medium,1,0.5949774,0.9123345,0.1737429
528,557,557,medium,1,0.5398451,0.9183264,0.161963
529,558,558,medium,1,0.5220472,0.9162574,0.1659026
530,559,559,medium,0,0.1425662,0.8996698,0.1984425
531,560,560,medium,0,0.1532829,0.8274398,0.3371053
532,561,561,medium,0,0.162928,0.7414608,0.4987597
533,562,562,medium,0,0.172344,0.9028732,0.1934202
534,563,563,medium,0,0.1765074,0.8991055,0.2006165
535,564,564,medium,0,0.1842514,0.9164921,0.1661881
536,565,565,medium,0,0.1942271,0.9200841,0.158773
537,566,566,medium,0,0.2018819,0.9212189,0.1562213
538,567,567,medium,0,0.2107781,0.9243138,0.1496126
539,568,568,medium,0,0.2192726,0.9258868,0.146258
540,569,569,medium,0,0.2255183,0.9263723,0.1454009
541,570,570,medium,0,0.2339663,0.9269852,0.1442569
542,571,571,medium,0,0.2428339,0.9257423,0.1466438
543,572,572,medium,0,0.2525523,0.9190062,0.1601206
544,573,573,medium,0,0.2635176,0.9149353,0.1672568
545,574,574,medium,0,0.2753647,0.9158937,0.1647962
546,575,575,medium,0,0.2831438,0.9124162,0.1697211
547,576,576,medium,0,0.2892366,0.8646489,0.2158675
548,577,577,medium,0,0.2990826,0.6307609,0.2784927
549,578,578,medium,0,0.3113232,0.3915923,0.2955831
550,579,579,medium,0,0.3239487,0.1074621,0.2122078
551,580,580,medium,0,0.3188611,0.1076571,0.212483
552,581,581,medium,0,0.2974931,0.1112907,0.2190696
553,582,582,medium,0,0.2492852,0.1137061,0.2221477
554,583,583,medium,0,0.2388614,0.1489274,0.2532664
555,584,584,medium,0,0.2242913,0.1324692,0.2386486
556,585,585,medium,0,0.2207773,0.1050808,0.2058391
557,586,586,medium,0,0.2298374,0.09601414,0.1903681
558,587,587,medium,0,0.2267008,0.09880814,0.1953783
559,588,588,medium,0,0.222066,0.1678404,0.2529171
560,589,589,medium,0,0.2140751,0.233877,0.2674489
561,590,590,medium,0,0.2033973,0.3622407,0.2598699
562,591,591,medium,0,0.1992883,0.4124802,0.2486815
563,592,592,medium,0,0.1983443,0.4943717,0.2358048
564,593,593,medium,0,0.1952748,0.388616,0.2428299
565,594,594,medium,0,0.1966149,0.149294,0.2426131
566,595,595,medium,0,0.2048872,0.1125708,0.2193849
567,596,596,medium,0,0.1774313,0.1113463,0.2189321
568,597,597,medium,0,0.1656447,0.1208971,0.2331582
569,598,598,medium,0,0.1453748,0.1416759,0.2524702
570,599,599,medium,0,0.1333242,0.1475587,0.2535014
571,600,600,medium,0,0.1270423,0.1194199,0.2293853
572,601,601,medium,0,0.1331609,0.1110845,0.2174723
573,602,602,medium,0,0.1409685,0.1154494,0.2239431
574,603,603,medium,0,0.1432859,0.1475607,0.2504111
575,604,604,medium,0,0.1487542,0.3125758,0.2656558
576,605,605,medium,0,0.1540544,0.4075782,0.2504719
577,606,606,medium,0,0.1628945,0.2263977,0.2518551
578,607,607,medium,0,0.1697719,0.1226125,0.2279026
579,608,608,medium,0,0.1725552,0.1086243,0.2145523
580,609,609,medium,0,0.1428928,0.1065418,0.2116922
581,610,610,medium,0,0.1418435,0.109475,0.2170062
582,611,611,medium,0,0.1628708,0.1094013,0.2166195
583,612,612,medium,0,0.1692731,0.1037003,0.2064603
584,613,613,medium,0,0.1759991,0.09910367,0.197735
585,614,614,medium,0,0.1761287,0.09993609,0.1994721
586,615,615,medium,0,0.1802489,0.1068966,0.2131396
587,616,616,medium,0,0.193922,0.1179301,0.232871
588,617,617,medium,0,0.2079454,0.1273444,0.2449469
589,618,618,medium,0,0.2218788,0.128771,0.2480285
590,619,619,medium,0,0.2300848,0.1037863,0.2071812
591,620,620,medium,0,0.2298525,0.09760131,0.1950284
592,621,621,medium,0,0.2388221,0.09271851,0.1853089
593,622,622,medium,0,0.2473311,0.09187408,0.1836284
594,623,623,medium,0,0.2578597,0.09388255,0.1876542
595,624,624,medium,0,0.2551458,0.1009622,0.2017926
596,625,625,medium,0,0.2319629,0.1012825,0.2024281
597,626,626,medium,0,0.2183596,0.09867989,0.1972322
598,627,627,medium,0,0.2208476,0.09760749,0.1949167
599,628,628,medium,0,0.2332503,0.1226854,0.2209383
600,629,629,medium,0,0.2488259,0.7094041,0.191134
601,630,630,medium,0,0.2632078,0.8743789,0.1711935
602,631,631,medium,0,0.2333052,0.8591161,0.1797817
603,632,632,medium,0,0.1816995,0.1764177,0.2860084
604,633,633,medium,0,0.1406632,0.1230601,0.2459231
605,634,634,medium,0,0.1183188,0.130128,0.2601034
606,635,635,medium,0,0.1404257,0.1509529,0.3010016
607,636,636,medium,0,0.2226727,0.3868886,0.4694299
608,637,637,medium,0,0.2859409,0.7642638,0.3760796
609,638,638,medium,0,0.2871333,0.6049811,0.6270617
610,639,639,medium,0,0.2986775,0.5943843,0.6408521
611,640,640,medium,0,0.2893029,0.798323,0.3675045
612,641,641,medium,0,0.2763143,0.9121249,0.1723486
613,642,642,medium,0,0.2398559,0.9196075,0.1575133
614,643,643,medium,0,0.2250548,0.9224432,0.1526342
615,644,644,medium,0,0.1927145,0.9186807,0.1606085
616,645,645,medium,0,0.1907425,0.9082459,0.1816534
617,646,646,medium,0,0.1849126,0.8986383,0.2002397
618,647,647,medium,0,0.1950381,0.9004422,0.1966454
619,648,648,medium,0,0.1895551,0.907204,0.1836696
620,649,649,medium,0,0.1981894,0.9107841,0.176965
621,650,650,medium,0,0.2242891,0.8938829,0.2107328
622,651,651,medium,0,0.238101,0.8466254,0.3040971
623,652,652,medium,0,0.2762121,0.826116,0.3437678
624,653,653,medium,0,0.2866205,0.8759653,0.2450954
625,654,654,medium,0,0.3434978,0.9077003,0.1762885
626,655,655,medium,0,0.3450041,0.9236547,0.1495454
627,656,656,medium,0,0.3312691,0.9212386,0.1536569
628,657,657,medium,0,0.3216041,0.7951609,0.3228876
1743,1772,1772,harsh,0,0.2540317,0.9246346,0.1504051
1744,1773,1773,harsh,0,0.2564854,0.9255747,0.1484914
1745,1774,1774,harsh,0,0.2470014,0.9255691,0.1485126
1746,1775,1775,harsh,0,0.2332247,0.9253426,0.1489779
1747,1776,1776,harsh,0,0.2189649,0.9249207,0.1498358
1748,1777,1777,harsh,0,0.1908988,0.9249337,0.1498111
1749,1778,1778,harsh,0,0.1888178,0.9246342,0.1504192
1750,1779,1779,harsh,0,0.1830965,0.92433,0.1510348
1751,1780,1780,harsh,0,0.1816754,0.9241031,0.151492
1752,1781,1781,harsh,0,0.1719445,0.922532,0.1546717
1753,1782,1782,harsh,0,0.1745315,0.9214669,0.1568204
1754,1783,1783,harsh,0,0.1860254,0.921088,0.1575848
1755,1784,1784,harsh,0,0.1812585,0.9211718,0.1574146
1756,1785,1785,harsh,0,0.1856977,0.9219488,0.1558452
1757,1786,1786,harsh,0,0.193911,0.9225981,0.1545295
1758,1787,1787,harsh,0,0.2172391,0.9230647,0.1535866
1759,1788,1788,harsh,0,0.2243128,0.9219999,0.1557349
1760,1789,1789,harsh,0,0.2036849,0.9200272,0.1597007
1761,1790,1790,harsh,0,0.2082712,0.9165636,0.1666447
1762,1791,1791,harsh,0,0.2215126,0.9136611,0.1724518
1763,1792,1792,harsh,0,0.2235931,0.916187,0.1673922
1764,1793,1793,harsh,0,0.216315,0.9204367,0.1588642
1765,1794,1794,harsh,0,0.1973053,0.9216724,0.1563733
1766,1795,1795,harsh,0,0.1703947,0.9220183,0.1556683
1767,1796,1796,harsh,0,0.1546669,0.9209814,0.1577527
1768,1797,1797,harsh,0,0.1538928,0.9179772,0.1637949
1769,1798,1798,harsh,0,0.1513452,0.9099414,0.1798913
1770,1799,1799,harsh,0,0.1572296,0.9105151,0.1787425
1771,1800,1800,harsh,0,0.1568717,0.9101124,0.1795482
1772,1801,1801,harsh,0,0.1529388,0.9082478,0.1832821
1773,1802,1802,harsh,0,0.1447728,0.9078321,0.184118
1774,1803,1803,harsh,0,0.1462746,0.9100387,0.1797045
1775,1804,1804,harsh,0,0.1462638,0.9114224,0.1769295
1776,1805,1805,harsh,0,0.1553784,0.9083701,0.1830324
1777,1806,1806,harsh,0,0.1543373,0.9000269,0.1997034
1778,1807,1807,harsh,0,0.1495615,0.8850606,0.2295618
1779,1808,1808,harsh,0,0.1435357,0.8705593,0.2584229
1780,1809,1809,harsh,0,0.1415185,0.8721744,0.2552048
1781,1810,1810,harsh,0,0.1474933,0.8791835,0.2412435
1782,1811,1811,harsh,0,0.1579828,0.8829993,0.2336335
1783,1812,1812,harsh,0,0.1607986,0.885841,0.2279796
1784,1813,1813,harsh,0,0.1666156,0.8855482,0.2285718
1785,1814,1814,harsh,0,0.1743543,0.8730856,0.2533889
1786,1815,1815,harsh,0,0.1871221,0.864302,0.2708567
1787,1816,1816,harsh,0,0.1956477,0.8704225,0.2586825
1788,1817,1817,harsh,0,0.206126,0.8771907,0.2452022
1789,1818,1818,harsh,0,0.2187361,0.8839259,0.2317742
1790,1819,1819,harsh,0,0.2261436,0.87994,0.2397164
1791,1820,1820,harsh,0,0.2355915,0.8547971,0.2897043
1792,1821,1821,harsh,0,0.2435265,0.820697,0.3570895
1793,1822,1822,harsh,0,0.2490046,0.8374119,0.324122
1794,1823,1823,harsh,0,0.2575338,0.8624215,0.2745812
1795,1824,1824,harsh,0,0.2633812,0.8855845,0.2285097
1796,1825,1825,harsh,0,0.2742833,0.8969892,0.2057688
1797,1826,1826,harsh,0,0.2773489,0.9017838,0.1961972
1798,1827,1827,harsh,0,0.2816867,0.9054995,0.1887739
1799,1828,1828,harsh,0,0.2931435,0.9048617,0.1900389
1800,1829,1829,harsh,0,0.2996753,0.9090616,0.1816383
1801,1830,1830,harsh,0,0.3029861,0.9079503,0.1838551
1802,1831,1831,harsh,0,0.3130957,0.902303,0.195146
1803,1832,1832,harsh,0,0.3165236,0.8929525,0.2138128
1804,1833,1833,harsh,0,0.3165236,0.883294,0.2330698
1805,1834,1834,harsh,0,0.3199802,0.8436896,0.3117449
1806,1835,1835,harsh,0,0.3450794,0.8052715,0.3873496
1807,1836,1836,harsh,0,0.3378764,0.7444392,0.5049279
1808,1837,1837,harsh,0,0.3489624,0.7128724,0.5654777
1809,1838,1838,harsh,0,0.3696161,0.7631429,0.469494
1810,1839,1839,harsh,0,0.3942757,0.788482,0.4202207
1811,1840,1840,harsh,0,0.4215976,0.8221089,0.3542993
1812,1841,1841,harsh,0,0.4456862,0.8577336,0.2838004
1813,1842,1842,harsh,0,0.4661369,0.864628,0.2700972
1814,1843,1843,harsh,0,0.4868475,0.7705624,0.455031
1815,1844,1844,harsh,0,0.4850133,0.649821,0.6824614
1816,1845,1845,harsh,0,0.4832,0.6908565,0.6076866
1817,1846,1846,harsh,0,0.4796369,0.7703729,0.4561042
1818,1847,1847,harsh,0,0.4778875,0.822482,0.3537878
1819,1848,1848,harsh,0,0.470232,0.8135297,0.3714797
1820,1849,1849,harsh,0,0.4593619,0.8029416,0.3923866
1821,1850,1850,harsh,0,0.4409665,0.8463148,0.3065485
1822,1851,1851,harsh,0,0.4169176,0.8715854,0.2563538
1823,1852,1852,harsh,0,0.3972684,0.8679878,0.2635162
1824,1853,1853,harsh,0,0.3718094,0.8726518,0.2542305
1825,1854,1854,harsh,0,0.3475319,0.8663326,0.2667835
1826,1855,1855,harsh,0,0.3309359,0.8589914,0.2813704
1827,1856,1856,harsh,0,0.3131636,0.8099933,0.378372
1828,1857,1857,harsh,0,0.2959237,0.7638302,0.4689367
1829,1858,1858,harsh,0,0.2807596,0.7157812,0.5622811
1830,1859,1859,harsh,0,0.2644177,0.7750993,0.4472932
1831,1860,1860,harsh,0,0.2473465,0.7622786,0.4722199
1832,1861,1861,harsh,0,0.2326021,0.7737329,0.4497698
1833,1862,1862,harsh,0,0.2184319,0.7882629,0.4213723
1834,1863,1863,harsh,0,0.2023101,0.874705,0.2501746
1835,1864,1864,harsh,0,0.1895451,0.8789237,0.2417746
1836,1865,1865,harsh,0,0.1844947,0.8752255,0.2491168
1837,1866,1866,harsh,0,0.17847,0.8705279,0.2584672
1838,1867,1867,harsh,0,0.1736854,0.8774095,0.2447662
1839,1868,1868,harsh,0,0.1713873,0.8797162,0.2401877
1840,1869,1869,harsh,0,0.165701,0.8812812,0.2370814
1841,1870,1870,harsh,0,0.1613283,0.888135,0.223427
1842,1871,1871,harsh,0,0.1559206,0.895763,0.2082093
1843,1872,1872,harsh,0,0.1538445,0.8991783,0.2013928
1844,1873,1873,harsh,0,0.152709,0.8987137,0.2023274
1845,1874,1874,harsh,0,0.1516023,0.8989205,0.2019176
1846,1875,1875,harsh,0,0.1464577,0.9048207,0.1901391
1847,1876,1876,harsh,0,0.1444711,0.9039938,0.1917898
1848,1877,1877,harsh,0,0.1425155,0.9070038,0.1857709
1849,1878,1878,harsh,0,0.139786,0.9075049,0.1847716
1850,1879,1879,harsh,0,0.1390451,0.9052004,0.1893851
1851,1880,1880,harsh,0,0.1372178,0.9067719,0.186262
1852,1881,1881,harsh,0,0.1372178,0.909205,0.1814018
1853,1882,1882,harsh,0,0.1365743,0.9063584,0.1870796
1854,1883,1883,harsh,0,0.1438094,0.9107544,0.1782775
1855,1884,1884,harsh,0,0.1469198,0.9092859,0.1812025
1856,1885,1885,harsh,0,0.1519962,0.9094079,0.180974
1857,1886,1886,harsh,0,0.1572219,0.9110476,0.177707
1858,1887,1887,harsh,0,0.1599294,0.9109159,0.1779757
1859,1888,1888,harsh,0,0.1613261,0.9106529,0.1785065
1860,1889,1889,harsh,0,0.1593584,0.9115871,0.1766315
1861,1890,1890,harsh,0,0.156949,0.9143872,0.1710273
1862,1891,1891,harsh,0,0.1565388,0.9155766,0.1686535
1863,1892,1892,harsh,0,0.1565388,0.9124834,0.1748499
1864,1893,1893,harsh,0,0.1550795,0.9067212,0.1863721
1865,1894,1894,harsh,0,0.1485964,0.9025958,0.1946135
1866,1895,1895,harsh,0,0.1485964,0.9018767,0.1960449
1867,1896,1896,harsh,0,0.1472186,0.9014732,0.1968445
1868,1897,1897,harsh,0,0.141014,0.897173,0.2054255
1869,1898,1898,harsh,0,0.1346455,0.8922228,0.2153057
1870,1899,1899,harsh,0,0.1330179,0.8890426,0.2216518
1871,1900,1900,harsh,0,0.1273144,0.8887078,0.2223172
1872,1901,1901,harsh,0,0.1215491,0.8908559,0.2180283
1873,1902,1902,harsh,0,0.11338,0.8941685,0.2114198
1874,1903,1903,harsh,0,0.1071681,0.8925955,0.2145569
1875,1904,1904,harsh,0,0.1024406,0.89302,0.2137087
1876,1905,1905,harsh,0,0.09697611,0.8916732,0.2163983
1877,1906,1906,harsh,0,0.0908186,0.8897843,0.2201696
1878,1907,1907,harsh,0,0.08599557,0.8913439,0.2170575
1879,1908,1908,harsh,0,0.08139284,0.8902208,0.2192931
1880,1909,1909,harsh,0,0.07381395,0.8836303,0.2324288
1881,1910,1910,harsh,0,0.06804272,0.8874528,0.2248005
1882,1911,1911,harsh,0,0.07026137,0.8942782,0.2111846
1883,1912,1912,harsh,0,0.07211709,0.9023294,0.1951165
1884,1913,1913,harsh,0,0.06979977,0.9068555,0.186081
1885,1914,1914,harsh,0,0.06915726,0.9102914,0.1792145
1886,1915,1915,harsh,0,0.06906073,0.9113896,0.1770156
1887,1916,1916,harsh,0,0.06745838,0.9160829,0.1676134
1888,1917,1917,harsh,0,0.06670032,0.9178997,0.1639669
1889,1918,1918,harsh,0,0.06843418,0.9124716,0.1748506
1890,1919,1919,harsh,0,0.07489223,0.9168743,0.1660334
1891,1920,1920,harsh,0,0.07040192,0.9148428,0.1701083
1892,1921,1921,harsh,0,0.06260254,0.9187343,0.1623039
1893,1922,1922,harsh,1,0.6194693,0.9212711,0.1572018
1894,1923,1923,harsh,1,0.993717,0.9231664,0.1533925
1895,1924,1924,harsh,1,0.9999487,0.9228064,0.1541395
1896,1925,1925,harsh,1,0.9999997,0.9209793,0.1578386
1897,1926,1926,harsh,1,1,0.8982837,0.2031236
1898,1927,1927,harsh,1,1,0.8872522,0.2248843
1899,1928,1928,harsh,1,1,0.8352156,0.3134355
1900,1929,1929,harsh,1,1,0.2999611,0.3239238
1901,1930,1930,harsh,1,1,0.1523262,0.2507505
1902,1931,1931,harsh,1,1,0.2037541,0.2826234
1903,1932,1932,harsh,1,1,0.3013025,0.326575
1904,1933,1933,harsh,1,1,0.3740662,0.3474927
1905,1934,1934,harsh,1,1,0.199168,0.3049116
1906,1935,1935,harsh,1,1,0.1487988,0.2670872
1907,1936,1936,harsh,1,1,0.1227153,0.2349193
1908,1937,1937,harsh,1,0.9999999,0.1174598,0.2270931
1909,1938,1938,harsh,1,0.9999999,0.1290615,0.2467552
1910,1939,1939,harsh,1,0.9999999,0.1471122,0.2733625
1911,1940,1940,harsh,1,1,0.1577638,0.2860642
1912,1941,1941,harsh,1,1,0.1199646,0.2310744
1913,1942,1942,harsh,1,1,0.1038538,0.2029667
1914,1943,1943,harsh,1,0.9999999,0.09678433,0.1896601
1915,1944,1944,harsh,1,0.9999999,0.1041307,0.2031377
1916,1945,1945,harsh,1,0.9999999,0.1338278,0.2498599
1917,1946,1946,harsh,1,0.9999999,0.3011062,0.3717503
1918,1947,1947,harsh,1,0.9999999,0.5929966,0.3952077
1919,1948,1948,harsh,1,1,0.7193177,0.3716138
1920,1949,1949,harsh,1,1,0.6633399,0.4544293
1921,1950,1950,harsh,1,1,0.8727804,0.2488651
1922,1951,1951,harsh,1,0.9999999,0.915644,0.1679207
1923,1952,1952,harsh,1,0.9999997,0.9255116,0.1485509
1924,1953,1953,harsh,1,0.9999985,0.9247035,0.1502074
1925,1954,1954,harsh,1,0.9999931,0.9227462,0.1541628
1926,1955,1955,harsh,1,0.9999797,0.9227759,0.154107
1927,1956,1956,harsh,1,0.9999551,0.9232413,0.1531844
1928,1957,1957,harsh,1,0.9999111,0.9244678,0.1507151
1929,1958,1958,harsh,1,0.999844,0.9256937,0.1482339
1930,1959,1959,harsh,1,0.9997453,0.9268181,0.1459421
1931,1960,1960,harsh,1,0.999595,0.9275292,0.144484
1932,1961,1961,harsh,1,0.9993874,0.9283569,0.142761
1933,1962,1962,harsh,1,0.9990655,0.9281717,0.1431602
1934,1963,1963,harsh,1,0.9986198,0.927905,0.1437143
1935,1964,1964,harsh,1,0.9980823,0.9280441,0.1434105
1936,1965,1965,harsh,1,0.9973567,0.9285728,0.1422911
1937,1966,1966,harsh,1,0.9966983,0.9291053,0.1411224
1938,1967,1967,harsh,1,0.9959124,0.9292651,0.1407676
1939,1968,1968,harsh,1,0.9953169,0.9295598,0.1400832
1940,1969,1969,harsh,1,0.9946181,0.9296973,0.139737
1941,1970,1970,harsh,1,0.9939021,0.9297684,0.1395282
1942,1971,1971,harsh,1,0.993305,0.9298539,0.1392672
1943,1972,1972,harsh,1,0.9916124,0.9298719,0.1391304
1944,1973,1973,harsh,1,0.9907696,0.9298941,0.1390302
1945,1974,1974,harsh,1,0.9899816,0.9299141,0.1389994
1946,1975,1975,harsh,1,0.989212,0.9298996,0.1390722
1947,1976,1976,harsh,1,0.9884931,0.9297301,0.1392146
1948,1977,1977,harsh,1,0.9875152,0.9297895,0.139063
1949,1978,1978,harsh,1,0.9856889,0.9298404,0.1389351
1950,1979,1979,harsh,1,0.9836716,0.9298224,0.1390063
1951,1980,1980,harsh,1,0.9820378,0.9298365,0.1389869
1952,1981,1981,harsh,1,0.9808906,0.9297722,0.1390253
1953,1982,1982,harsh,1,0.9798512,0.9298192,0.1388362
1954,1983,1983,harsh,1,0.9799377,0.9298288,0.1387744
1955,1984,1984,harsh,1,0.9800314,0.9298404,0.1387392
1956,1985,1985,harsh,1,0.9797865,0.9297481,0.1389284
1957,1986,1986,harsh,1,0.9798278,0.9297189,0.1390044
1958,1987,1987,harsh,1,0.9801257,0.9297225,0.1389956
1959,1988,1988,harsh,1,0.9805239,0.9297315,0.1389481
1960,1989,1989,harsh,1,0.9806893,0.9297417,0.1388986
1961,1990,1990,harsh,1,0.9807199,0.9297556,0.1388375
1962,1991,1991,harsh,1,0.981246,0.9297479,0.1387894
1963,1992,1992,harsh,1,0.9821575,0.9296623,0.1388765
1964,1993,1993,harsh,1,0.9826656,0.9295919,0.1389491
1965,1994,1994,harsh,1,0.983182,0.9295916,0.1389029
1966,1995,1995,harsh,1,0.9836365,0.9295692,0.1389157
1967,1996,1996,harsh,1,0.9841084,0.9292767,0.1393091
1968,1997,1997,harsh,1,0.9846492,0.9287063,0.140073
1969,1998,1998,harsh,1,0.9850912,0.9287879,0.1399483
1970,1999,1999,harsh,1,0.9858527,0.9289975,0.1396558
1971,2000,2000,harsh,1,0.9863569,0.9290613,0.1395364
1972,2001,2001,harsh,1,0.9871325,0.9291741,0.1393706
1973,2002,2002,harsh,1,0.9878514,0.9292343,0.139263
1974,2003,2003,harsh,1,0.9885736,0.9292452,0.1392112
1975,2004,2004,harsh,1,0.9890288,0.9292148,0.1392108
1976,2005,2005,harsh,1,0.9896774,0.9292297,0.1391753
1977,2006,2006,harsh,1,0.9902964,0.9292135,0.1391388
1978,2007,2007,harsh,1,0.9909196,0.9291089,0.13923
1979,2008,2008,harsh,1,0.9915037,0.9288678,0.139494
1980,2009,2009,harsh,1,0.9920705,0.9284201,0.1400118
1981,2010,2010,harsh,1,0.9930133,0.9278267,0.1406379
1982,2011,2011,harsh,1,0.9936255,0.9278226,0.1407788
1983,2012,2012,harsh,1,0.9942975,0.9278354,0.1407354
1984,2013,2013,harsh,1,0.9947121,0.9276699,0.1409468
1985,2014,2014,harsh,1,0.9951968,0.9276902,0.1409885
1986,2015,2015,harsh,1,0.9955552,0.9276887,0.1410198
1987,2016,2016,harsh,1,0.9959694,0.9273032,0.1415013
1988,2017,2017,harsh,1,0.9962815,0.9272415,0.1415857
1989,2018,2018,harsh,1,0.9966918,0.9273025,0.1416129
1990,2019,2019,harsh,1,0.996995,0.9267345,0.1424754
1991,2020,2020,harsh,1,0.997174,0.92642,0.1430503
1992,2021,2021,harsh,1,0.9973434,0.9266154,0.1429935
1993,2022,2022,harsh,1,0.9974108,0.9270921,0.1424674
1994,2023,2023,harsh,1,0.9974312,0.9277357,0.1416856
1995,2024,2024,harsh,1,0.9974998,0.9281636,0.1411556
1996,2025,2025,harsh,1,0.9975691,0.928504,0.1407118
1997,2026,2026,harsh,1,0.9977075,0.9287891,0.1403273
1998,2027,2027,harsh,1,0.9979172,0.9289994,0.140037
1999,2028,2028,harsh,1,0.9981518,0.9290018,0.1400342
2000,2029,2029,harsh,1,0.9982193,0.9290662,0.1399284
2001,2030,2030,harsh,1,0.9985223,0.9290971,0.1398689
2002,2031,2031,harsh,1,0.9987068,0.9290674,0.1399053
2003,2032,2032,harsh,1,0.9988336,0.9290411,0.1399147
2004,2033,2033,harsh,1,0.9989908,0.9290727,0.1398356
2005,2034,2034,harsh,1,0.9991974,0.9290656,0.1397946
2006,2035,2035,harsh,1,0.9993738,0.9289989,0.1398006
2007,2036,2036,harsh,1,0.9991347,0.9289828,0.1398392
2008,2037,2037,harsh,1,0.998812,0.9290182,0.1399932
2009,2038,2038,harsh,1,0.9990434,0.9288011,0.1403612
2010,2039,2039,harsh,1,0.9961712,0.9281466,0.1412484
2011,2040,2040,harsh,1,0.9938846,0.9282448,0.1409862
2012,2041,2041,harsh,1,0.9913407,0.928087,0.1410355
2013,2042,2042,harsh,1,0.9871694,0.9275509,0.1414734
2014,2043,2043,harsh,1,0.9841737,0.9272448,0.141668
2015,2044,2044,harsh,1,0.9812479,0.9269177,0.1420592
2016,2045,2045,harsh,1,0.9762849,0.9268784,0.1422453
2017,2046,2046,harsh,1,0.9707838,0.9269776,0.1424273
2018,2047,2047,harsh,1,0.9616939,0.9261423,0.1435494
2019,2048,2048,harsh,1,0.9525471,0.9222626,0.1476711
2020,2049,2049,harsh,1,0.9416287,0.917163,0.1521474
2021,2050,2050,harsh,1,0.9286875,0.9175982,0.1525969
2022,2051,2051,harsh,1,0.9160438,0.9186917,0.1530361
2023,2052,2052,harsh,1,0.8983079,0.9130554,0.1621782
2024,2053,2053,harsh,1,0.8840697,0.9043866,0.175193
2025,2054,2054,harsh,1,0.8749914,0.8885843,0.1943496
2026,2055,2055,harsh,1,0.8668272,0.8514863,0.2278358
2027,2056,2056,harsh,1,0.8580816,0.831606,0.2478178
2028,2057,2057,harsh,1,0.8424408,0.8236806,0.2685355
2029,2058,2058,harsh,1,0.8347322,0.7163798,0.3858246
2030,2059,2059,harsh,1,0.8190822,0.2641019,0.4882034
2031,2060,2060,harsh,1,0.8040937,0.1418447,0.2828026
2032,2061,2061,harsh,1,0.8020667,0.1139829,0.2276375
2033,2062,2062,harsh,1,0.7900156,0.1036383,0.2070471
2034,2063,2063,harsh,1,0.7836968,0.09289949,0.1856187
2035,2064,2064,harsh,1,0.7900898,0.09114068,0.1821104
2036,2065,2065,harsh,1,0.7967622,0.09165205,0.1831468
2037,2066,2066,harsh,1,0.7933199,0.093785,0.1874255
2038,2067,2067,harsh,1,0.7935134,0.09424917,0.188355
2039,2068,2068,harsh,1,0.785255,0.09210615,0.1840418
2040,2069,2069,harsh,1,0.7744505,0.09294927,0.1856947
2041,2070,2070,harsh,1,0.7652491,0.0941354,0.1880592
2042,2071,2071,harsh,1,0.7603737,0.09431109,0.1884232
2043,2072,2072,harsh,1,0.7548675,0.09238132,0.184559
2044,2073,2073,harsh,1,0.7440565,0.09121599,0.1822029
2045,2074,2074,harsh,1,0.734071,0.09381279,0.1873757
2046,2075,2075,harsh,1,0.722626,0.09642061,0.1925779
2047,2076,2076,harsh,1,0.7191585,0.09881645,0.1973357
2048,2077,2077,harsh,1,0.7121516,0.1023844,0.2044428
2049,2078,2078,harsh,1,0.7099065,0.1069194,0.2135037
2050,2079,2079,harsh,1,0.7125233,0.1077923,0.2152647
2051,2080,2080,harsh,1,0.7165207,0.1065855,0.212867
2052,2081,2081,harsh,1,0.672653,0.1101947,0.2200467
2053,2082,2082,harsh,1,0.6472823,0.1221644,0.2438041
2054,2083,2083,harsh,1,0.6352504,0.126085,0.2515475
2055,2084,2084,harsh,1,0.63502,0.1202477,0.2400239
2056,2085,2085,harsh,1,0.6318322,0.1167506,0.233114
2057,2086,2086,harsh,1,0.6261073,0.116797,0.2332044
2058,2087,2087,harsh,1,0.6253844,0.1229879,0.2454423
2059,2088,2088,harsh,1,0.6268485,0.1254331,0.2502246
2060,2089,2089,harsh,1,0.6296302,0.1237995,0.2469245
2061,2090,2090,harsh,1,0.6338567,0.1059841,0.2116412
2062,2091,2091,harsh,1,0.6394846,0.1065692,0.2128026
2063,2092,2092,harsh,1,0.6451335,0.1103439,0.22027
2064,2093,2093,harsh,1,0.6436566,0.1304621,0.2598315
2065,2094,2094,harsh,1,0.6526517,0.1412768,0.2810125
2066,2095,2095,harsh,1,0.6567516,0.1901068,0.3736706
2067,2096,2096,harsh,1,0.6533835,0.2983271,0.5507165
2068,2097,2097,harsh,1,0.6582166,0.4610859,0.6829824
2069,2098,2098,harsh,1,0.6500259,0.613553,0.6313887
2070,2099,2099,harsh,1,0.6541323,0.5741839,0.6668645
2071,2100,2100,harsh,1,0.6500259,0.5418741,0.699584
2072,2101,2101,harsh,1,0.6515903,0.3316059,0.6188582
2073,2102,2102,harsh,1,0.6474788,0.4654488,0.7368972
2074,2103,2103,harsh,1,0.6482947,0.6188701,0.6727062
2075,2104,2104,harsh,1,0.6441705,0.753187,0.4742419
2076,2105,2105,harsh,1,0.645012,0.6960911,0.5637683
2077,2106,2106,harsh,1,0.645012,0.5557874,0.7156497
2078,2107,2107,harsh,1,0.6441705,0.4822282,0.7408081
2079,2108,2108,harsh,1,0.6441705,0.5930648,0.7036914
2080,2109,2109,harsh,1,0.63502,0.7446326,0.4932187
2081,2110,2110,harsh,1,0.6367198,0.8646026,0.269418
2082,2111,2111,harsh,1,0.627474,0.8880351,0.2232588
2083,2112,2112,harsh,1,0.6241369,0.8964024,0.2067461
2084,2113,2113,harsh,1,0.6190137,0.8969294,0.2057498
2085,2114,2114,harsh,1,0.6147575,0.8934963,0.2126016
2086,2115,2115,harsh,1,0.6052973,0.8933772,0.2128581
2087,2116,2116,harsh,1,0.5941845,0.9015821,0.1965231
2088,2117,2117,harsh,1,0.5811345,0.9043506,0.1910205
2089,2118,2118,harsh,1,0.5679823,0.9106896,0.17839
2090,2119,2119,harsh,1,0.5557814,0.9118546,0.1760739
2091,2120,2120,harsh,1,0.5425044,0.9107724,0.1782356
2092,2121,2121,harsh,1,0.529182,0.907075,0.1856165
2093,2122,2122,harsh,1,0.5147322,0.9037818,0.1921866
2094,2123,2123,harsh,1,0.5147322,0.9013266,0.1970914
2095,2124,2124,harsh,1,0.5147322,0.9081035,0.1835763
2096,2125,2125,harsh,1,0.5158337,0.9073257,0.1851364
2097,2126,2126,harsh,1,0.5147322,0.9068661,0.1860603
2098,2127,2127,harsh,1,0.511382,0.9085143,0.1827652
2099,2128,2128,harsh,1,0.5058151,0.9080423,0.1836992
2100,2129,2129,harsh,1,0.5069305,0.9126484,0.1744936
2101,2130,2130,harsh,1,0.5024797,0.9124452,0.1749108
2102,2131,2131,harsh,1,0.5069305,0.9130464,0.1737091
2103,2132,2132,harsh,1,0.512513,0.9128912,0.1740207
2104,2133,2133,harsh,1,0.5158337,0.9124618,0.1748808
2105,2134,2134,harsh,1,0.5247344,0.9109704,0.1778629
2106,2135,2135,harsh,1,0.529182,0.909377,0.181045
2107,2136,2136,harsh,1,0.5336266,0.9107185,0.1783738
2108,2137,2137,harsh,1,0.5336266,0.9096168,0.1805778
2109,2138,2138,harsh,1,0.5380677,0.9088051,0.1821962
2110,2139,2139,harsh,1,0.5391544,0.9044281,0.1909335
2111,2140,2140,harsh,1,0.5380677,0.895703,0.2083348
2112,2141,2141,harsh,1,0.5380677,0.8864289,0.2268106
2113,2142,2142,harsh,1,0.5380677,0.8812068,0.2372101
2114,2143,2143,harsh,1,0.5336266,0.8805231,0.2385781
2115,2144,2144,harsh,1,0.5325539,0.879567,0.2404887
2116,2145,2145,harsh,1,0.5325539,0.8584237,0.2825384
2117,2146,2146,harsh,1,0.5315029,0.8319814,0.3349251
2118,2147,2147,harsh,1,0.5315029,0.8275168,0.3437642
2119,2148,2148,harsh,1,0.5294665,0.8510176,0.2972655
2120,2149,2149,harsh,1,0.5294665,0.8732171,0.2531593
2121,2150,2150,harsh,1,0.5240015,0.8911906,0.2173461
2122,2151,2151,harsh,1,0.5185435,0.8994451,0.2008688
2123,2152,2152,harsh,1,0.5121572,0.9012846,0.1971841
2124,2153,2153,harsh,1,0.5103528,0.9031181,0.193508
2125,2154,2154,harsh,1,0.5004463,0.9047718,0.1902088
2126,2155,2155,harsh,0,0.4987605,0.9074011,0.1849749
2127,2156,2156,harsh,0,0.4979531,0.9106544,0.1784821
2128,2157,2157,harsh,0,0.4926317,0.9119183,0.1759561
2129,2158,2158,harsh,0,0.4865831,0.9113835,0.1770216
2130,2159,2159,harsh,0,0.4813178,0.9099864,0.1798098
2131,2160,2160,harsh,0,0.476073,0.9076486,0.1844814
2132,2161,2161,harsh,0,0.4722395,0.9055212,0.1887418
2133,2162,2162,harsh,0,0.4586645,0.9054203,0.1889542
2134,2163,2163,harsh,0,0.4541538,0.9069101,0.185979
2135,2164,2164,harsh,0,0.4489267,0.904332,0.1911238
2136,2165,2165,harsh,0,0.4488516,0.8946419,0.2104583
2137,2166,2166,harsh,0,0.4391633,0.8807164,0.2382074
2138,2167,2167,harsh,0,0.4288721,0.8857101,0.2282666
2139,2168,2168,harsh,0,0.4187138,0.8987629,0.2022409
2140,2169,2169,harsh,0,0.409851,0.9028976,0.1939907
2141,2170,2170,harsh,0,0.3963389,0.9008988,0.1979868
2142,2171,2171,harsh,0,0.375407,0.8928378,0.2140869
2143,2172,2172,harsh,0,0.3482305,0.8818364,0.2360382
2144,2173,2173,harsh,0,0.3527941,0.8809143,0.2378849
2145,2174,2174,harsh,0,0.3564345,0.8742511,0.2511622
2146,2175,2175,harsh,0,0.3665783,0.8702876,0.2590589
2147,2176,2176,harsh,0,0.3541937,0.8663813,0.2668466
2148,2177,2177,harsh,0,0.368939,0.8451105,0.3091332
2149,2178,2178,harsh,0,0.4227589,0.8622435,0.2750772
2150,2179,2179,harsh,1,0.567973,0.8920127,0.2157326
2151,2180,2180,harsh,1,0.6353614,0.906258,0.1872769
2152,2181,2181,harsh,1,0.6718904,0.9182924,0.1631866
2153,2182,2182,harsh,1,0.6807474,0.9223836,0.1549501
2154,2183,2183,harsh,1,0.6864679,0.9252153,0.1491872
2155,2184,2184,harsh,1,0.6780589,0.9240461,0.151553
2156,2185,2185,harsh,1,0.6752995,0.923919,0.151761
2157,2186,2186,harsh,1,0.6806945,0.9213158,0.1569441
2158,2187,2187,harsh,1,0.7131366,0.9193397,0.1608537
2159,2188,2188,harsh,1,0.7041306,0.9170451,0.1653675
2160,2189,2189,harsh,1,0.6978623,0.9206964,0.15802
2161,2190,2190,harsh,1,0.6669993,0.9197626,0.1599208
2162,2191,2191,harsh,1,0.6408616,0.9115305,0.176105
2163,2192,2192,harsh,1,0.6417857,0.906251,0.1853259
2164,2193,2193,harsh,1,0.6544275,0.9075258,0.1820428
2165,2194,2194,harsh,1,0.6548868,0.9052265,0.1855158
2166,2195,2195,harsh,1,0.6488113,0.9082088,0.1802247
2167,2196,2196,harsh,1,0.6503921,0.9135472,0.1712072
2168,2197,2197,harsh,1,0.7044783,0.9253165,0.148646
2169,2198,2198,harsh,1,0.7421426,0.9253293,0.1484532
2170,2199,2199,harsh,1,0.7481283,0.9244165,0.1501248
2171,2200,2200,harsh,1,0.7466124,0.9256915,0.147562
2172,2201,2201,harsh,1,0.7379366,0.927352,0.1443163
2173,2202,2202,harsh,1,0.7182074,0.9279811,0.143045
2174,2203,2203,harsh,1,0.6724861,0.9287329,0.1415294
2175,2204,2204,harsh,1,0.6863447,0.9289919,0.1411658
2176,2205,2205,harsh,1,0.6747188,0.9285228,0.142317
2177,2206,2206,harsh,1,0.683163,0.9282024,0.1429118
2178,2207,2207,harsh,1,0.7042372,0.9279866,0.1433012
2179,2208,2208,harsh,1,0.7137067,0.9269915,0.1452922
2180,2209,2209,harsh,1,0.7242109,0.9266105,0.1460169
2181,2210,2210,harsh,1,0.7248402,0.9259374,0.1473438
2182,2211,2211,harsh,1,0.763288,0.9252264,0.1487194
2183,2212,2212,harsh,1,0.7920147,0.9231101,0.1528994
2184,2213,2213,harsh,1,0.8290619,0.919665,0.1596562
2185,2214,2214,harsh,1,0.8526596,0.916434,0.1659668
2186,2215,2215,harsh,1,0.8663831,0.9091323,0.1800146
2187,2216,2216,harsh,1,0.8791015,0.9011255,0.1949685
2188,2217,2217,harsh,1,0.8814235,0.8998892,0.197029
2189,2218,2218,harsh,1,0.8802869,0.894161,0.2074004
2190,2219,2219,harsh,1,0.8821709,0.8829719,0.2274508
2191,2220,2220,harsh,1,0.8840753,0.8718085,0.244622
2192,2221,2221,harsh,1,0.8859535,0.8702434,0.2457913
2193,2222,2222,harsh,1,0.8820966,0.8710561,0.2426667
2194,2223,2223,harsh,1,0.8781515,0.8027692,0.3059762
2195,2224,2224,harsh,1,0.8781348,0.7202612,0.323872
2196,2225,2225,harsh,1,0.8800819,0.5065988,0.3347834
2197,2226,2226,harsh,1,0.8761337,0.1678545,0.267479
2198,2227,2227,harsh,1,0.8761578,0.1607289,0.2502819
2199,2228,2228,harsh,1,0.8820412,0.2600331,0.2860258
2200,2229,2229,harsh,1,0.9016459,0.4024168,0.2913563
2201,2230,2230,harsh,1,0.9016778,0.4707622,0.2979059
2202,2231,2231,harsh,1,0.9081465,0.5424571,0.3087747
2203,2232,2232,harsh,1,0.9171683,0.6265528,0.3296666
2204,2233,2233,harsh,1,0.9172279,0.8670784,0.2443937
2205,2234,2234,harsh,1,0.9228452,0.8784849,0.2301476
2206,2235,2235,harsh,1,0.9306296,0.8702179,0.2419632
2207,2236,2236,harsh,1,0.9295897,0.8841652,0.2185785
2208,2237,2237,harsh,1,0.9345894,0.6982151,0.3304233
2209,2238,2238,harsh,1,0.9442443,0.8878508,0.2028859
2210,2239,2239,harsh,1,0.9498482,0.8590378,0.2160785
2211,2240,2240,harsh,1,0.9574328,0.9289449,0.140898
2212,2241,2241,harsh,1,0.9664573,0.9291229,0.140674
2213,2242,2242,harsh,1,0.970489,0.9290119,0.1409933
2214,2243,2243,harsh,1,0.9763626,0.9284983,0.142078
2215,2244,2244,harsh,1,0.9814314,0.9284078,0.1421717
2216,2245,2245,harsh,1,0.983989,0.9288102,0.1412091
2217,2246,2246,harsh,1,0.9870149,0.9288763,0.1410284
2218,2247,2247,harsh,1,0.9895316,0.9288803,0.1410041
2219,2248,2248,harsh,1,0.9907027,0.9280345,0.1425883
2220,2249,2249,harsh,1,0.9927875,0.9280497,0.1427248
2221,2250,2250,harsh,1,0.9946424,0.9286808,0.1414761
2222,2251,2251,harsh,1,0.9942411,0.9184222,0.1600087
2223,2252,2252,harsh,1,0.9942945,0.8666307,0.2271646
2224,2253,2253,harsh,1,0.9943109,0.5886291,0.3098475
2225,2254,2254,harsh,1,0.99501,0.6762969,0.3009492
2226,2255,2255,harsh,1,0.9955972,0.8479802,0.2379933
2227,2256,2256,harsh,1,0.9954198,0.8542733,0.2406105
2228,2257,2257,harsh,1,0.9957401,0.7807046,0.3086343
2229,2258,2258,harsh,1,0.9961416,0.6578376,0.3949664
2230,2259,2259,harsh,1,0.9968338,0.6168783,0.4088823
2231,2260,2260,harsh,1,0.9977095,0.8663329,0.2465612
2232,2261,2261,harsh,1,0.9983736,0.9067595,0.1836012
2233,2262,2262,harsh,1,0.9985512,0.908456,0.1807772
2234,2263,2263,harsh,1,0.9985253,0.901727,0.1937945
2235,2264,2264,harsh,1,0.9985635,0.8988586,0.1992871
2236,2265,2265,harsh,1,0.998697,0.9086133,0.181012
2237,2266,2266,harsh,1,0.9988947,0.908973,0.1803762
2238,2267,2267,harsh,1,0.9988892,0.9058303,0.1857973
2239,2268,2268,harsh,1,0.9989274,0.8715793,0.2386673
2240,2269,2269,harsh,1,0.9989827,0.8101661,0.3004867
2241,2270,2270,harsh,1,0.9990695,0.807056,0.3087581
2242,2271,2271,harsh,1,0.9991794,0.7046436,0.3683811
2243,2272,2272,harsh,1,0.9993091,0.4817096,0.3893925
2244,2273,2273,harsh,1,0.9993675,0.4213521,0.3575157
2245,2274,2274,harsh,1,0.9993645,0.827522,0.2747208
2246,2275,2275,harsh,1,0.9993734,0.6888642,0.3351825
2247,2276,2276,harsh,1,0.9993271,0.4172405,0.3618437
2248,2277,2277,harsh,1,0.999312,0.3060699,0.3256444
2249,2278,2278,harsh,1,0.9992594,0.220792,0.2899064
2250,2279,2279,harsh,1,0.9992473,0.326534,0.2989984
2251,2280,2280,harsh,1,0.9991786,0.487835,0.3298553
2252,2281,2281,harsh,1,0.9991209,0.7818124,0.2908348
2253,2282,2282,harsh,1,0.9988783,0.2267129,0.2726205
2254,2283,2283,harsh,1,0.998632,0.1905717,0.262048
2255,2284,2284,harsh,1,0.9983877,0.2149949,0.2578124
2256,2285,2285,harsh,1,0.9981177,0.4448688,0.2770925
2257,2286,2286,harsh,1,0.9980052,0.9104217,0.1653989
2258,2287,2287,harsh,1,0.9979649,0.8972158,0.1797294
2259,2288,2288,harsh,1,0.9977215,0.8864638,0.1862484
2260,2289,2289,harsh,1,0.9974969,0.9093722,0.1660074
2261,2290,2290,harsh,1,0.9971758,0.9184688,0.1557074
2262,2291,2291,harsh,1,0.9967102,0.9217292,0.1513581
2263,2292,2292,harsh,1,0.9964971,0.9210556,0.153429
2264,2293,2293,harsh,1,0.9960385,0.9153817,0.1634338
2265,2294,2294,harsh,1,0.9954651,0.9039418,0.1813682
2266,2295,2295,harsh,1,0.994839,0.9000595,0.1880981
2267,2296,2296,harsh,1,0.994099,0.9003951,0.1877229
2268,2297,2297,harsh,1,0.9934928,0.8994937,0.190612
2269,2298,2298,harsh,1,0.9927386,0.874433,0.232033
2270,2299,2299,harsh,1,0.9916657,0.8570955,0.2700192
2271,2300,2300,harsh,1,0.9916657,0.8717517,0.2480464
2272,2301,2301,harsh,1,0.9916204,0.9181692,0.1619031
2273,2302,2302,harsh,1,0.9932707,0.9262956,0.1460456
2274,2303,2303,harsh,1,0.9933286,0.9290656,0.1404591
2275,2304,2304,harsh,1,0.9937341,0.9295233,0.1399825
2276,2305,2305,harsh,1,0.9942804,0.9295128,0.1401106
2277,2306,2306,harsh,1,0.9951845,0.9294922,0.1402217
2278,2307,2307,harsh,1,0.9949642,0.929513,0.1402098
2279,2308,2308,harsh,1,0.9949039,0.9295036,0.1402328
2280,2309,2309,harsh,1,0.9940945,0.9292836,0.1407365
2281,2310,2310,harsh,1,0.9940356,0.928447,0.1425553
2282,2311,2311,harsh,1,0.9930531,0.9270232,0.1455488
2283,2312,2312,harsh,1,0.9922671,0.92594,0.1477302
1163,1192,1192,deep,0,0.1875062,0.9223934,0.154935
1164,1193,1193,deep,0,0.1860257,0.9228283,0.1540634
1165,1194,1194,deep,0,0.1819708,0.9226395,0.1544174
1166,1195,1195,deep,0,0.1759849,0.9233971,0.1528486
1167,1196,1196,deep,0,0.1783287,0.924576,0.150421
1168,1197,1197,deep,0,0.1806468,0.9229782,0.1535662
1169,1198,1198,deep,0,0.1831285,0.9216543,0.1560767
1170,1199,1199,deep,0,0.1857256,0.9218701,0.1554816
1171,1200,1200,deep,0,0.1884664,0.9203843,0.1581181
1172,1201,1201,deep,0,0.1913704,0.9170278,0.1636426
1173,1202,1202,deep,0,0.1964683,0.9164687,0.1639337
1174,1203,1203,deep,0,0.2018626,0.9131923,0.1680723
1175,1204,1204,deep,0,0.207404,0.9046521,0.1790401
1176,1205,1205,deep,0,0.2130927,0.9130696,0.1668982
1177,1206,1206,deep,0,0.2218597,0.913053,0.1668589
1178,1207,1207,deep,0,0.2279189,0.9155999,0.1630274
1179,1208,1208,deep,0,0.2340181,0.9169365,0.160833
1180,1209,1209,deep,0,0.2435849,0.9186789,0.1583278
1181,1210,1210,deep,0,0.2566074,0.9177303,0.1601318
1182,1211,1211,deep,0,0.2669542,0.9115246,0.1698614
1183,1212,1212,deep,0,0.2739683,0.8919428,0.1924861
1184,1213,1213,deep,0,0.2814414,0.8338172,0.2258299
1185,1214,1214,deep,0,0.2887639,0.7948107,0.2336436
1186,1215,1215,deep,0,0.299794,0.7425523,0.2456958
1187,1216,1216,deep,0,0.3074318,0.6293765,0.2622719
1188,1217,1217,deep,0,0.3198863,0.4835311,0.2859157
1189,1218,1218,deep,0,0.3322217,0.1417793,0.2478597
1190,1219,1219,deep,0,0.3442353,0.1188653,0.2243922
1191,1220,1220,deep,0,0.3564624,0.1280409,0.2354785
1192,1221,1221,deep,0,0.3695844,0.1293404,0.2360771
1193,1222,1222,deep,0,0.3837607,0.1250717,0.2322129
1194,1223,1223,deep,0,0.3880341,0.1276758,0.2345279
1195,1224,1224,deep,0,0.3977774,0.1169368,0.2204118
1196,1225,1225,deep,0,0.4181871,0.1057523,0.2041947
1197,1226,1226,deep,0,0.4272312,0.1121999,0.2139995
1198,1227,1227,deep,0,0.4363374,0.1268589,0.2321538
1199,1228,1228,deep,0,0.4404948,0.1556048,0.2612871
1200,1229,1229,deep,0,0.4363374,0.1596038,0.2628478
1201,1230,1230,deep,0,0.4396832,0.1616294,0.2672316
1202,1231,1231,deep,0,0.4489202,0.175529,0.2781985
1203,1232,1232,deep,0,0.4683608,0.5373975,0.3367011
1204,1233,1233,deep,0,0.481041,0.8605498,0.2465243
1205,1234,1234,deep,0,0.4994819,0.9105722,0.1770702
1206,1235,1235,deep,1,0.5162137,0.9102509,0.1778563
1207,1236,1236,deep,1,0.5332094,0.9146038,0.1697299
1208,1237,1237,deep,1,0.5471821,0.9191441,0.1609381
1209,1238,1238,deep,1,0.5478507,0.9231667,0.1530468
1210,1239,1239,deep,1,0.5730098,0.9254038,0.14862
1211,1240,1240,deep,1,0.5747513,0.926484,0.1464727
1212,1241,1241,deep,1,0.5901833,0.9266703,0.1461096
1213,1242,1242,deep,1,0.603346,0.927119,0.1451637
1214,1243,1243,deep,1,0.6104256,0.9274996,0.144388
1215,1244,1244,deep,1,0.5634745,0.9279488,0.1434471
1216,1245,1245,deep,1,0.5573444,0.9278402,0.1436428
1217,1246,1246,deep,1,0.5687759,0.926432,0.1464294
1218,1247,1247,deep,1,0.5535589,0.9267461,0.1458153
1219,1248,1248,deep,1,0.5643947,0.9261066,0.1470646
1220,1249,1249,deep,1,0.5521124,0.9257712,0.1476931
1221,1250,1250,deep,1,0.5354458,0.9257698,0.1477239
1222,1251,1251,deep,1,0.5560861,0.9254395,0.1484063
1223,1252,1252,deep,1,0.6063048,0.9247352,0.1497972
1224,1253,1253,deep,1,0.6710727,0.9242246,0.150855
1225,1254,1254,deep,1,0.7253348,0.9233807,0.1525397
1226,1255,1255,deep,1,0.7406727,0.92274,0.1537661
1227,1256,1256,deep,1,0.7297577,0.9239351,0.1514049
1228,1257,1257,deep,1,0.7206134,0.9216953,0.1559023
1229,1258,1258,deep,1,0.6914737,0.9225277,0.1542542
1230,1259,1259,deep,1,0.6812695,0.9242874,0.1507243
1231,1260,1260,deep,1,0.6665912,0.9249154,0.1494071
1232,1261,1261,deep,1,0.6544225,0.925369,0.1484156
1233,1262,1262,deep,1,0.6462703,0.9252755,0.148599
1234,1263,1263,deep,1,0.6095374,0.9239827,0.151335
1235,1264,1264,deep,1,0.5705541,0.9232804,0.1527749
1236,1265,1265,deep,1,0.5558214,0.9215164,0.1563746
1237,1266,1266,deep,1,0.5616053,0.9198875,0.1597307
1238,1267,1267,deep,1,0.5274032,0.9192663,0.1609184
1239,1268,1268,deep,0,0.4824905,0.9115125,0.1762808
1240,1269,1269,deep,0,0.4516649,0.8698652,0.2567033
1241,1270,1270,deep,0,0.4490533,0.8360023,0.3144209
1242,1271,1271,deep,0,0.3948842,0.7250956,0.4615745
1243,1272,1272,deep,0,0.3930117,0.534512,0.5492056
1244,1273,1273,deep,0,0.3763044,0.2717951,0.478983
1245,1274,1274,deep,0,0.3860924,0.2422916,0.4408472
1246,1275,1275,deep,0,0.3683174,0.1885099,0.370937
1247,1276,1276,deep,0,0.3751007,0.1409162,0.2810025
1248,1277,1277,deep,0,0.3700185,0.1157614,0.2311095
1249,1278,1278,deep,0,0.3700616,0.1034313,0.2066253
1250,1279,1279,deep,0,0.3731205,0.09677698,0.193382
1251,1280,1280,deep,0,0.3767991,0.09416751,0.188163
1252,1281,1281,deep,0,0.382933,0.09277938,0.1853715
1253,1282,1282,deep,0,0.3833048,0.08997534,0.179728
1254,1283,1283,deep,0,0.3835833,0.08432924,0.1683683
1255,1284,1284,deep,0,0.3863566,0.081208,0.162017
1256,1285,1285,deep,0,0.3872096,0.08045135,0.1604379
1257,1286,1286,deep,0,0.404025,0.07970706,0.1589095
1258,1287,1287,deep,0,0.423169,0.07929271,0.1580231
1259,1288,1288,deep,0,0.4081139,0.07943735,0.1582487
1260,1289,1289,deep,0,0.3790623,0.07938028,0.1581192
1261,1290,1290,deep,0,0.3630075,0.07887013,0.1570962
1262,1291,1291,deep,0,0.3797655,0.07861108,0.1566072
1263,1292,1292,deep,0,0.3684847,0.07876214,0.1569346
1264,1293,1293,deep,0,0.3541388,0.07945165,0.1582636
1265,1294,1294,deep,0,0.3461332,0.08296056,0.165153
1266,1295,1295,deep,0,0.3353401,0.08606246,0.1712829
1267,1296,1296,deep,0,0.3183402,0.08639903,0.1718941
1268,1297,1297,deep,0,0.3064596,0.08680284,0.1725055
1269,1298,1298,deep,0,0.2932191,0.09659189,0.190917
1270,1299,1299,deep,0,0.2842971,0.1658134,0.2805662
1271,1300,1300,deep,0,0.2934538,0.9178618,0.1634415
1272,1301,1301,deep,0,0.2848953,0.922756,0.1538264
1273,1302,1302,deep,0,0.2966339,0.9249399,0.1496285
1274,1303,1303,deep,0,0.302475,0.925464,0.1486353
1275,1304,1304,deep,0,0.3173024,0.9244249,0.150787
1276,1305,1305,deep,0,0.3097365,0.9205189,0.1585854
1277,1306,1306,deep,0,0.3040951,0.9117132,0.1760149
1278,1307,1307,deep,0,0.3025892,0.9147641,0.1699978
1279,1308,1308,deep,0,0.3241442,0.9206435,0.1583031
1280,1309,1309,deep,0,0.306762,0.9232736,0.1529852
1281,1310,1310,deep,0,0.2904527,0.924251,0.1510239
1282,1311,1311,deep,0,0.2624837,0.9244236,0.1504126
1283,1312,1312,deep,0,0.2513891,0.9198272,0.159449
1284,1313,1313,deep,0,0.2547592,0.9150555,0.1682889
1285,1314,1314,deep,0,0.2342974,0.9204317,0.1581503
1286,1315,1315,deep,0,0.2319133,0.9226822,0.1539123
1287,1316,1316,deep,0,0.2256279,0.9240104,0.151226
1288,1317,1317,deep,0,0.2185365,0.9246289,0.1499613
1289,1318,1318,deep,0,0.212164,0.9018988,0.1906233
1290,1319,1319,deep,0,0.2154117,0.1222208,0.2366544
1291,1320,1320,deep,0,0.2114289,0.1218064,0.2360146
1292,1321,1321,deep,0,0.2227857,0.1152832,0.2218453
1293,1322,1322,deep,0,0.2175841,0.1494834,0.2309179
1294,1323,1323,deep,0,0.2156471,0.1132359,0.2110847
1295,1324,1324,deep,0,0.205731,0.09079108,0.1806096
1296,1325,1325,deep,0,0.1983318,0.08640638,0.1723314
1297,1326,1326,deep,0,0.1927559,0.09945253,0.1976247
1298,1327,1327,deep,0,0.1901517,0.09539767,0.1898999
1299,1328,1328,deep,0,0.1811626,0.09476561,0.1881813
1300,1329,1329,deep,0,0.1824423,0.0885374,0.1764016
1301,1330,1330,deep,0,0.1937859,0.08490784,0.1691965
1302,1331,1331,deep,0,0.1931003,0.08748711,0.1724237
1303,1332,1332,deep,0,0.1855491,0.09645127,0.1868176
1304,1333,1333,deep,0,0.1720796,0.09082039,0.1784025
1305,1334,1334,deep,0,0.1622371,0.08389328,0.1661692
1306,1335,1335,deep,0,0.1518636,0.0818694,0.1626786
1307,1336,1336,deep,0,0.1321213,0.08006261,0.1595027
1308,1337,1337,deep,0,0.1194038,0.0809246,0.1612635
1309,1338,1338,deep,0,0.1111919,0.08357573,0.1665974
1310,1339,1339,deep,0,0.1014517,0.08762329,0.1744946
1311,1340,1340,deep,0,0.0942921,0.08785661,0.1749732
1312,1341,1341,deep,0,0.08967153,0.08356118,0.1664899
1313,1342,1342,deep,0,0.09622832,0.08202324,0.1636244
1314,1343,1343,deep,0,0.1000668,0.08194058,0.1635952
1315,1344,1344,deep,0,0.1064897,0.08255234,0.1648551
1316,1345,1345,deep,0,0.09408948,0.08221423,0.1641699
1317,1346,1346,deep,0,0.08191033,0.08250954,0.1647765
1318,1347,1347,deep,0,0.07091853,0.08424733,0.1682691
1319,1348,1348,deep,0,0.06529759,0.08399663,0.1677447
1320,1349,1349,deep,0,0.06218341,0.08553447,0.1709069
1321,1350,1350,deep,0,0.06903302,0.08658472,0.1730552
1322,1351,1351,deep,0,0.085447,0.09048676,0.1808951
1323,1352,1352,deep,0,0.0908009,0.09146217,0.1828525
1324,1353,1353,deep,0,0.09464792,0.09218108,0.1842888
1325,1354,1354,deep,0,0.09956462,0.09487962,0.1896876
1326,1355,1355,deep,0,0.1052493,0.097623,0.1951842
1327,1356,1356,deep,0,0.1130466,0.1007802,0.2015059
1328,1357,1357,deep,0,0.115349,0.0976076,0.1951533
1329,1358,1358,deep,0,0.119465,0.09707203,0.1940634
1330,1359,1359,deep,0,0.1298714,0.1002002,0.2001723
1331,1360,1360,deep,0,0.1428042,0.1042511,0.2079767
1332,1361,1361,deep,0,0.1466344,0.1052163,0.209839
1333,1362,1362,deep,0,0.1454982,0.1006212,0.2009764
1334,1363,1363,deep,0,0.1379486,0.09764296,0.1951261
1335,1364,1364,deep,0,0.1400272,0.09593043,0.1917249
1336,1365,1365,deep,0,0.1455303,0.09623872,0.1923469
1337,1366,1366,deep,0,0.152995,0.1026732,0.2052099
1338,1367,1367,deep,0,0.1464891,0.1100335,0.2199536
1339,1368,1368,deep,0,0.148872,0.1101158,0.2201557
1340,1369,1369,deep,0,0.1489464,0.1051603,0.2102544
1341,1370,1370,deep,0,0.1347283,0.09748575,0.1948929
1342,1371,1371,deep,0,0.1206386,0.09728853,0.1944863
1343,1372,1372,deep,0,0.1089588,0.09951878,0.1989124
1344,1373,1373,deep,0,0.09719215,0.1068382,0.2133978
1345,1374,1374,deep,0,0.09575716,0.1013624,0.2024687
1346,1375,1375,deep,0,0.09765825,0.09666438,0.193261
1347,1376,1376,deep,0,0.10077,0.0935242,0.1869715
1348,1377,1377,deep,0,0.1024225,0.09000602,0.179926
1349,1378,1378,deep,0,0.09669081,0.09102055,0.1819656
1350,1379,1379,deep,0,0.08911527,0.09399085,0.187914
1351,1380,1380,deep,0,0.08265889,0.09696549,0.1938596
1352,1381,1381,deep,0,0.07823442,0.09188689,0.1836851
1353,1382,1382,deep,0,0.07580896,0.08660797,0.1730864
1354,1383,1383,deep,0,0.06991572,0.08543824,0.1707247
1355,1384,1384,deep,0,0.06771414,0.08658536,0.1730329
1356,1385,1385,deep,0,0.06623703,0.09041241,0.1807114
1357,1386,1386,deep,0,0.06544808,0.09453363,0.1889613
1358,1387,1387,deep,0,0.06884701,0.09440884,0.1886867
1359,1388,1388,deep,0,0.07547167,0.0888323,0.1774661
1360,1389,1389,deep,0,0.0752029,0.08370703,0.1670931
1361,1390,1390,deep,0,0.07852612,0.08446232,0.1686001
1362,1391,1391,deep,0,0.0818919,0.08892412,0.1775289
1363,1392,1392,deep,0,0.07791145,0.1014365,0.2024484
1364,1393,1393,deep,0,0.07959242,0.09900749,0.1977395
1365,1394,1394,deep,0,0.07716975,0.09396517,0.1877071
1366,1395,1395,deep,0,0.08172238,0.09226744,0.1842565
1367,1396,1396,deep,0,0.0808808,0.09259412,0.1848504
1368,1397,1397,deep,0,0.07700451,0.09845636,0.1964955
1369,1398,1398,deep,0,0.07374973,0.1071834,0.2140018
1370,1399,1399,deep,0,0.07312769,0.1001068,0.1998295
1371,1400,1400,deep,0,0.07035873,0.116478,0.2317329
1372,1401,1401,deep,0,0.0680942,0.1342346,0.264717
1373,1402,1402,deep,0,0.06626008,0.1077154,0.2139609
1374,1403,1403,deep,0,0.06451831,0.1062472,0.2115735
1375,1404,1404,deep,0,0.06475303,0.20209,0.3993171
1376,1405,1405,deep,0,0.06492101,0.2666962,0.4944389
1377,1406,1406,deep,0,0.06802074,0.2913214,0.5056513
1378,1407,1407,deep,0,0.07074405,0.5298696,0.5790352
1379,1408,1408,deep,0,0.07436144,0.7846688,0.4057648
1380,1409,1409,deep,0,0.08021265,0.6797709,0.5328838
1381,1410,1410,deep,0,0.08289089,0.7245281,0.5042794
1382,1411,1411,deep,0,0.08876219,0.9029208,0.1938464
1383,1412,1412,deep,0,0.0874416,0.9128749,0.1739489
1384,1413,1413,deep,0,0.08443451,0.9120064,0.1756837
1385,1414,1414,deep,0,0.06919102,0.9153051,0.1686049
1386,1415,1415,deep,0,0.06008047,0.915062,0.1684332
1387,1416,1416,deep,0,0.0550498,0.9189299,0.1608761
1388,1417,1417,deep,0,0.05421573,0.9216835,0.1557705
1389,1418,1418,deep,0,0.05710581,0.9193416,0.1602607
1390,1419,1419,deep,0,0.0585237,0.9066231,0.1836033
1391,1420,1420,deep,0,0.05702291,0.8827691,0.2240025
1392,1421,1421,deep,0,0.05615128,0.423646,0.4476413
1393,1422,1422,deep,0,0.05449087,0.1236356,0.2437859
1394,1423,1423,deep,0,0.0547885,0.1189641,0.2335257
1395,1424,1424,deep,0,0.05280251,0.1225132,0.2397181
1396,1425,1425,deep,0,0.05885296,0.1074445,0.2131543
1397,1426,1426,deep,0,0.07043939,0.108467,0.2155779
1398,1427,1427,deep,0,0.08850486,0.103779,0.2067207
1399,1428,1428,deep,0,0.1164967,0.09882484,0.1966499
1400,1429,1429,deep,0,0.1467095,0.1087076,0.2153047
1401,1430,1430,deep,0,0.1495925,0.1514765,0.2936617
1402,1431,1431,deep,0,0.1456356,0.2551249,0.420027
1403,1432,1432,deep,0,0.1546097,0.2867532,0.4777211
1404,1433,1433,deep,0,0.1594161,0.2936451,0.4891435
1405,1434,1434,deep,0,0.1598171,0.2150136,0.4052283
1406,1435,1435,deep,0,0.1766383,0.2194764,0.4198095
1407,1436,1436,deep,0,0.1964858,0.2112096,0.4176702
1408,1437,1437,deep,0,0.2409373,0.2227499,0.4413716
1409,1438,1438,deep,0,0.2447527,0.2011885,0.4000339
1410,1439,1439,deep,0,0.2544355,0.1732341,0.3451658
1411,1440,1440,deep,0,0.2593755,0.1573799,0.3133309
1412,1441,1441,deep,0,0.2555629,0.1394564,0.2782228
1413,1442,1442,deep,0,0.2523601,0.1437524,0.2869892
1414,1443,1443,deep,0,0.2522676,0.1581201,0.3158274
1415,1444,1444,deep,0,0.2370679,0.1636403,0.3268435
1416,1445,1445,deep,0,0.2380676,0.1860639,0.3713674
1417,1446,1446,deep,0,0.2235733,0.2160428,0.4299007
1418,1447,1447,deep,0,0.2193965,0.2347116,0.4641813
1419,1448,1448,deep,0,0.2150322,0.1825184,0.3644637
1420,1449,1449,deep,0,0.2181624,0.2096361,0.4186555
1421,1450,1450,deep,0,0.2227925,0.2205366,0.4403771
1422,1451,1451,deep,0,0.2312179,0.1609951,0.321787
1423,1452,1452,deep,0,0.224904,0.1488385,0.2974549
1424,1453,1453,deep,0,0.2296786,0.1232741,0.2464463
1425,1454,1454,deep,0,0.2370004,0.116964,0.2338488
1426,1455,1455,deep,0,0.2424154,0.1143872,0.2287006
1427,1456,1456,deep,0,0.2480128,0.1086287,0.217189
1428,1457,1457,deep,0,0.2531908,0.1009438,0.2018272
1429,1458,1458,deep,0,0.2719931,0.09830195,0.196545
1430,1459,1459,deep,0,0.2966349,0.09830696,0.1965557
1431,1460,1460,deep,0,0.327499,0.09772799,0.1953971
1432,1461,1461,deep,0,0.3694991,0.0992249,0.1983909
1433,1462,1462,deep,0,0.4005931,0.1003281,0.2005926
1434,1463,1463,deep,0,0.4201868,0.09826382,0.1964547
1435,1464,1464,deep,0,0.4362506,0.3847534,0.7659501
1436,1465,1465,deep,0,0.4468328,0.6286002,0.7385362
1437,1466,1466,deep,0,0.45406,0.6359624,0.7249076
1438,1467,1467,deep,0,0.4618425,0.5570238,0.8796703
1439,1468,1468,deep,0,0.4743177,0.5607874,0.8725001
1440,1469,1469,deep,0,0.4748637,0.7766984,0.4458255
1441,1470,1470,deep,0,0.4703993,0.8154247,0.3685514
1442,1471,1471,deep,0,0.4516371,0.7440356,0.510462
1443,1472,1472,deep,0,0.4544453,0.6724735,0.6521948
1444,1473,1473,deep,0,0.4482644,0.6510656,0.6947108
1445,1474,1474,deep,0,0.4552417,0.6612252,0.6746531
1446,1475,1475,deep,0,0.4460313,0.7021536,0.5934318
1447,1476,1476,deep,0,0.4362803,0.6474932,0.6999555
1448,1477,1477,deep,0,0.4310344,0.6313782,0.7301742
1449,1478,1478,deep,0,0.42592,0.686027,0.6241084
1450,1479,1479,deep,0,0.4210275,0.7306728,0.5368774
1451,1480,1480,deep,0,0.4041005,0.8645903,0.2705856
1452,1481,1481,deep,0,0.4005091,0.8731211,0.2535338
1453,1482,1482,deep,0,0.3973511,0.8535362,0.2925039
1454,1483,1483,deep,0,0.3939813,0.8022528,0.3942857
1455,1484,1484,deep,0,0.39485,0.7658423,0.4661962
1456,1485,1485,deep,0,0.3917086,0.734045,0.5290244
1457,1486,1486,deep,0,0.3846625,0.8007004,0.3973217
1458,1487,1487,deep,0,0.3817287,0.8494837,0.3002518
1459,1488,1488,deep,0,0.3820081,0.8359775,0.326055
1460,1489,1489,deep,0,0.3927656,0.664499,0.6308735
1461,1490,1490,deep,0,0.3911578,0.5323151,0.7917852
1462,1491,1491,deep,0,0.3791337,0.2774296,0.5452957
1463,1492,1492,deep,0,0.3667085,0.1364496,0.2717844
1464,1493,1493,deep,0,0.3532138,0.1286691,0.2563382
1465,1494,1494,deep,0,0.3381459,0.08156508,0.1624831
1466,1495,1495,deep,0,0.3193218,0.08026511,0.159806
1467,1496,1496,deep,0,0.3035301,0.07970212,0.1586413
1468,1497,1497,deep,0,0.2922182,0.07938583,0.157847
1469,1498,1498,deep,0,0.2946894,0.0793215,0.157677
1470,1499,1499,deep,0,0.2917545,0.07922124,0.1576046
1471,1500,1500,deep,0,0.3130495,0.07894442,0.1571127
1472,1501,1501,deep,0,0.3500018,0.07922026,0.1577733
1473,1502,1502,deep,0,0.3769354,0.07958255,0.1585171
1474,1503,1503,deep,0,0.3872223,0.07959462,0.1584838
1475,1504,1504,deep,0,0.3905966,0.07940259,0.157991
1476,1505,1505,deep,0,0.4016743,0.07981265,0.1588429
1477,1506,1506,deep,0,0.4011364,0.07978967,0.1587986
1478,1507,1507,deep,0,0.3886899,0.07980964,0.1588563
1479,1508,1508,deep,0,0.3787075,0.08044414,0.1601634
1480,1509,1509,deep,0,0.3766582,0.08109102,0.1615216
1481,1510,1510,deep,0,0.3667652,0.08164123,0.1626617
1482,1511,1511,deep,0,0.3680462,0.08328959,0.1660679
1483,1512,1512,deep,0,0.3684075,0.08447173,0.1684631
1484,1513,1513,deep,0,0.3598865,0.08455163,0.1686479
1485,1514,1514,deep,0,0.347016,0.08540445,0.1703075
1486,1515,1515,deep,0,0.3477962,0.08650777,0.1724732
1487,1516,1516,deep,0,0.3445155,0.08791928,0.1753432
1488,1517,1517,deep,0,0.3415477,0.08818925,0.1759083
1489,1518,1518,deep,0,0.3345448,0.08857743,0.1766945
1490,1519,1519,deep,0,0.3325392,0.08715162,0.1738274
1491,1520,1520,deep,0,0.3275885,0.08788143,0.1752816
1492,1521,1521,deep,0,0.3167383,0.09019283,0.1798235
1493,1522,1522,deep,0,0.2836602,0.09133448,0.1820659
1494,1523,1523,deep,0,0.249374,0.09003484,0.1794851
1495,1524,1524,deep,0,0.219624,0.09196066,0.1833587
1496,1525,1525,deep,0,0.1917816,0.09457331,0.1886524
1497,1526,1526,deep,0,0.174326,0.09370731,0.186936
1498,1527,1527,deep,0,0.1575875,0.0965454,0.1924416
1499,1528,1528,deep,0,0.1501756,0.105664,0.2104756
1500,1529,1529,deep,0,0.1373548,0.1005772,0.2002806
1501,1530,1530,deep,0,0.1157008,0.1113634,0.2212699
1502,1531,1531,deep,0,0.1059378,0.1931047,0.3460011
1503,1532,1532,deep,0,0.1157032,0.1226362,0.2408539
1504,1533,1533,deep,0,0.1200261,0.139505,0.2665055
1505,1534,1534,deep,0,0.1125899,0.1511613,0.2807481
1506,1535,1535,deep,0,0.114569,0.1237624,0.2407076
1507,1536,1536,deep,0,0.110103,0.1179398,0.231067
1508,1537,1537,deep,0,0.1103383,0.1065945,0.2107148
1509,1538,1538,deep,0,0.1107415,0.09288679,0.1847715
1510,1539,1539,deep,0,0.112966,0.08739975,0.1739876
