Time,ESS,Particles,Runtime_ms,rGNSS,rLiDAR,rOdom,Difficulty,lambdaMotion,lambdaGNSS,lambdaLiDAR,lambdaBroad,sigmaGNSS,sigmaLiDAR,sigmaLiDARYaw
0,963.006663627242,1000,34.9435,1,0,0.8,0.45,1,0,0,0,4.5,1.4,0.139626340159546
0.200000047683716,742.621390017179,1000,8.7521,1,0.75,0.8,0.45,1,0,0,0,4.5,1.4,0.139626340159546
0.400000095367432,806.115108646588,1000,5.2158,1,0.75,0.8,0.45,1,0,0,0,4.5,1.4,0.139626340159546
0.599999904632568,841.049289121331,1000,3.2506,1,0.75,0.8,0.45,1,0,0,0,4.5,1.4,0.139626340159546
0.799999952316284,864.837670119439,1000,16.2866,1,0.75,0.8,0.45,1,0,0,0,4.5,1.4,0.139626340159546
1,876.549342216417,1000,3.5731,1,0.75,0.8,0.45,1,0,0,0,4.5,1.4,0.139626340159546
1.20000004768372,870.519163905545,1000,0.7405,1,0.75,0.8,0.45,1,0,0,0,4.5,1.4,0.139626340159546
1.40000009536743,873.696180203633,1000,0.4361,1,0.75,0.8,0.45,1,0,0,0,4.5,1.4,0.139626340159546
1.59999990463257,865.844411680092,1000,0.4858,1,0.75,0.8,0.45,1,0,0,0,4.5,1.4,0.139626340159546
1.79999995231628,873.186066764094,1000,0.4166,1,0.75,0.8,0.45,1,0,0,0,4.5,1.4,0.139626340159546
2,878.907656947963,1000,6.8061,1,0.75,0.8,0.45,1,0,0,0,4.5,1.4,0.139626340159546
2.20000004768372,870.351774137091,1000,0.5291,1,0.75,0.8,0.45,1,0,0,0,4.5,1.4,0.139626340159546
2.40000009536743,881.656750034737,1000,0.3807,1,0.75,0.8,0.45,1,0,0,0,4.5,1.4,0.139626340159546
2.59999990463257,869.862360885056,1000,0.3849,1,0.75,0.8,0.45,1,0,0,0,4.5,1.4,0.139626340159546
2.79999995231628,868.190346781554,1000,0.3622,1,0.75,0.8,0.45,1,0,0,0,4.5,1.4,0.139626340159546
3,873.070544331797,1000,0.4427,1,0.75,0.8,0.45,1,0,0,0,4.5,1.4,0.139626340159546
3.20000004768372,872.980194835179,1000,0.3796,1,0.75,0.8,0.45,1,0,0,0,4.5,1.4,0.139626340159546
3.40000009536743,872.607660612154,1000,0.3729,1,0.75,0.8,0.45,1,0,0,0,4.5,1.4,0.139626340159546
3.59999990463257,879.193782677281,1000,0.3877,1,0.75,0.8,0.45,1,0,0,0,4.5,1.4,0.139626340159546
3.79999995231628,874.666314522763,1000,0.3855,1,0.75,0.8,0.45,1,0,0,0,4.5,1.4,0.139626340159546
4,891.2812712871,1000,0.6381,1,0.75,0.8,0.45,1,0,0,0,4.5,1.4,0.139626340159546
4.20000004768372,888.405163675791,1000,0.4499,1,0.75,0.8,0.45,1,0,0,0,4.5,1.4,0.139626340159546
4.40000009536743,879.442083652979,1000,0.3951,1,0.75,0.8,0.45,1,0,0,0,4.5,1.4,0.139626340159546
4.59999990463257,880.691318651215,1000,0.3807,1,0.75,0.8,0.45,1,0,0,0,4.5,1.4,0.139626340159546
4.79999995231628,871.207754176861,1000,0.3614,1,0.75,0.8,0.45,1,0,0,0,4.5,1.4,0.139626340159546
5,886.734308697142,1000,0.3688,1,0.75,0.8,0.45,1,0,0,0,4.5,1.4,0.139626340159546
5.20000004768372,881.556680162351,1000,0.3725,1,0.75,0.8,0.45,1,0,0,0,4.5,1.4,0.139626340159546
5.40000009536743,880.648795736082,1000,0.3413,1,0.75,0.8,0.45,1,0,0,0,4.5,1.4,0.139626340159546
5.59999990463257,886.419992378668,1000,0.3456,1,0.75,0.8,0.45,1,0,0,0,4.5,1.4,0.139626340159546
5.79999995231628,881.348206715502,1000,0.3598,1,0.75,0.8,0.45,1,0,0,0,4.5,1.4,0.139626340159546
6,880.30002641748,1000,1.5588,1,0.75,0.8,0.45,1,0,0,0,4.5,1.4,0.139626340159546
6.20000004768372,886.94245335042,1000,0.8034,1,0.75,0.8,0.45,1,0,0,0,4.5,1.4,0.139626340159546
6.40000009536743,882.130015077347,1000,0.6735,1,0.75,0.8,0.45,1,0,0,0,4.5,1.4,0.139626340159546
6.59999990463257,887.039931088358,1000,0.59,1,0.75,0.8,0.45,1,0,0,0,4.5,1.4,0.139626340159546
6.79999995231628,887.144466698146,1000,0.5055,1,0.75,0.8,0.45,1,0,0,0,4.5,1.4,0.139626340159546
7,879.531417492847,1000,0.4736,1,0.75,0.8,0.45,1,0,0,0,4.5,1.4,0.139626340159546
7.20000004768372,883.683257870382,1000,0.3961,1,0.75,0.8,0.45,1,0,0,0,4.5,1.4,0.139626340159546
7.40000009536743,890.691007164325,1000,0.3785,1,0.75,0.8,0.45,1,0,0,0,4.5,1.4,0.139626340159546
7.59999990463257,891.198440203626,1000,0.5684,1,0.75,0.8,0.45,1,0,0,0,4.5,1.4,0.139626340159546
7.79999995231628,881.744118831386,1000,0.3904,1,0.75,0.8,0.45,1,0,0,0,4.5,1.4,0.139626340159546
8,885.263367165814,1000,1.0723,1,0.75,0.8,0.45,1,0,0,0,4.5,1.4,0.139626340159546
8.20000004768372,896.311836829703,1000,0.5187,1,0.75,0.8,0.45,1,0,0,0,4.5,1.4,0.139626340159546
8.40000009536743,898.341715427469,1000,0.3911,1,0.75,0.8,0.45,1,0,0,0,4.5,1.4,0.139626340159546
8.59999990463257,896.192362843885,1000,0.4486,1,0.75,0.8,0.45,1,0,0,0,4.5,1.4,0.139626340159546
8.79999995231628,883.022004270966,1000,0.4377,1,0.75,0.8,0.45,1,0,0,0,4.5,1.4,0.139626340159546
9,882.342325783041,1000,0.4099,1,0.75,0.8,0.45,1,0,0,0,4.5,1.4,0.139626340159546
9.20000004768372,888.066066060099,1000,0.3702,1,0.75,0.8,0.45,1,0,0,0,4.5,1.4,0.139626340159546
9.40000009536743,876.808219874411,1000,0.3676,1,0.75,0.8,0.45,1,0,0,0,4.5,1.4,0.139626340159546
9.59999990463257,886.279970048898,1000,0.3652,1,0.75,0.8,0.45,1,0,0,0,4.5,1.4,0.139626340159546
9.79999995231628,889.349505688895,1000,0.3536,1,0.75,0.8,0.45,1,0,0,0,4.5,1.4,0.139626340159546
10,888.444785787843,1000,0.5023,1,0.75,0.8,0.45,1,0,0,0,4.5,1.4,0.139626340159546
10.2000000476837,889.932851938551,1000,0.5735,1,0.75,0.8,0.45,1,0,0,0,4.5,1.4,0.139626340159546
10.4000000953674,879.666027361122,1000,0.8975,1,0.75,0.8,0.45,1,0,0,0,4.5,1.4,0.139626340159546
10.5999999046326,886.69110977818,1000,0.6458,1,0.75,0.8,0.45,1,0,0,0,4.5,1.4,0.139626340159546
10.7999999523163,887.641119837181,1000,0.3916,1,0.75,0.8,0.45,1,0,0,0,4.5,1.4,0.139626340159546
11,886.968195101184,1000,0.5072,1,0.75,0.8,0.45,1,0,0,0,4.5,1.4,0.139626340159546
11.2000000476837,886.40966761883,1000,0.3979,1,0.75,0.8,0.45,1,0,0,0,4.5,1.4,0.139626340159546
11.4000000953674,880.855659129587,1000,0.3854,1,0.75,0.8,0.45,1,0,0,0,4.5,1.4,0.139626340159546
11.5999999046326,895.07420940912,1000,0.3611,1,0.75,0.8,0.45,1,0,0,0,4.5,1.4,0.139626340159546
11.7999999523163,894.832533351307,1000,0.394,1,0.75,0.8,0.45,1,0,0,0,4.5,1.4,0.139626340159546
12,885.565998522396,1000,0.5567,1,0.75,0.8,0.45,1,0,0,0,4.5,1.4,0.139626340159546
12.2000000476837,891.126996857609,1000,0.3694,1,0.75,0.8,0.45,1,0,0,0,4.5,1.4,0.139626340159546
12.4000000953674,878.776997484479,1000,0.4034,1,0.75,0.8,0.45,1,0,0,0,4.5,1.4,0.139626340159546
12.5999999046326,885.57380583052,1000,0.4303,1,0.75,0.8,0.45,1,0,0,0,4.5,1.4,0.139626340159546
12.7999999523163,884.976070529978,1000,0.386,1,0.75,0.8,0.45,1,0,0,0,4.5,1.4,0.139626340159546
13,873.583669690993,1000,0.3808,1,0.75,0.8,0.45,1,0,0,0,4.5,1.4,0.139626340159546
13.2000000476837,885.464811090478,1000,0.3866,1,0.75,0.8,0.45,1,0,0,0,4.5,1.4,0.139626340159546
13.4000000953674,887.428835489112,1000,0.3521,1,0.75,0.8,0.45,1,0,0,0,4.5,1.4,0.139626340159546
13.5999999046326,892.846382579982,1000,0.3621,1,0.75,0.8,0.45,1,0,0,0,4.5,1.4,0.139626340159546
13.7999999523163,893.66505886402,1000,0.3683,1,0.75,0.8,0.45,1,0,0,0,4.5,1.4,0.139626340159546
14,887.537991150987,1000,1.0068,1,0.75,0.8,0.45,1,0,0,0,4.5,1.4,0.139626340159546
14.2000000476837,896.535606291749,1000,0.5898,1,0.75,0.8,0.45,1,0,0,0,4.5,1.4,0.139626340159546
14.4000000953674,883.061559500899,1000,0.7547,1,0.75,0.8,0.45,1,0,0,0,4.5,1.4,0.139626340159546
14.5999999046326,894.100280721131,1000,0.6426,1,0.75,0.8,0.45,1,0,0,0,4.5,1.4,0.139626340159546
14.7999999523163,889.990938465698,1000,0.4223,1,0.75,0.8,0.45,1,0,0,0,4.5,1.4,0.139626340159546
15,889.809696251853,1000,0.3987,1,0.75,0.8,0.45,1,0,0,0,4.5,1.4,0.139626340159546
15.2000000476837,890.857260480505,1000,0.5139,1,0.75,0.8,0.45,1,0,0,0,4.5,1.4,0.139626340159546
15.4000000953674,882.930239399191,1000,0.7543,1,0.75,0.8,0.45,1,0,0,0,4.5,1.4,0.139626340159546
15.5999999046326,879.531968191044,1000,0.4184,1,0.75,0.8,0.45,1,0,0,0,4.5,1.4,0.139626340159546
15.7999999523163,870.235838582107,1000,0.384,1,0.75,0.8,0.45,1,0,0,0,4.5,1.4,0.139626340159546
16,871.838227621926,1000,0.5701,1,0.75,0.8,0.45,1,0,0,0,4.5,1.4,0.139626340159546
16.2000000476837,883.265598735359,1000,0.3995,1,0.75,0.8,0.45,1,0,0,0,4.5,1.4,0.139626340159546
16.4000000953674,886.256374531567,1000,0.3606,1,0.75,0.8,0.45,1,0,0,0,4.5,1.4,0.139626340159546
16.5999999046326,850.096985235016,1000,0.3704,1,0.75,0.8,0.45,1,0,0,0,4.5,1.4,0.139626340159546
16.7999999523163,860.949224442786,1000,0.3614,1,0.75,0.8,0.45,1,0,0,0,4.5,1.4,0.139626340159546
17,865.95393593855,1000,0.3635,1,0.75,0.8,0.45,1,0,0,0,4.5,1.4,0.139626340159546
17.2000000476837,885.796080783134,1000,0.3659,1,0.75,0.8,0.45,1,0,0,0,4.5,1.4,0.139626340159546
17.4000000953674,895.262545622113,1000,0.3491,1,0.75,0.8,0.45,1,0,0,0,4.5,1.4,0.139626340159546
17.5999999046326,881.051740948711,1000,0.3463,1,0.75,0.8,0.45,1,0,0,0,4.5,1.4,0.139626340159546
17.7999999523163,814.338329509231,1000,0.3745,1,0.75,0.8,0.45,1,0,0,0,4.5,1.4,0.139626340159546
18,878.10357147461,1000,0.5404,1,0.75,0.8,0.45,1,0,0,0,4.5,1.4,0.139626340159546
18.2000000476837,886.72771447641,1000,0.4292,1,0.75,0.8,0.45,1,0,0,0,4.5,1.4,0.139626340159546
18.4000000953674,885.164395534908,1000,0.7932,1,0.75,0.8,0.45,1,0,0,0,4.5,1.4,0.139626340159546
18.5999999046326,873.357112951974,1000,0.6782,1,0.75,0.8,0.45,1,0,0,0,4.5,1.4,0.139626340159546
18.7999999523163,875.008494995838,1000,0.5491,1,0.75,0.8,0.45,1,0,0,0,4.5,1.4,0.139626340159546
19,887.020810962474,1000,0.4125,1,0.75,0.8,0.45,1,0,0,0,4.5,1.4,0.139626340159546
19.2000000476837,889.110953298162,1000,0.7396,1,0.75,0.8,0.45,1,0,0,0,4.5,1.4,0.139626340159546
19.4000000953674,878.120212034953,1000,0.8054,1,0.75,0.8,0.45,1,0,0,0,4.5,1.4,0.139626340159546
19.5999999046326,885.219856463476,1000,0.7209,1,0.75,0.8,0.45,1,0,0,0,4.5,1.4,0.139626340159546
19.7999999523163,880.559691669688,1000,0.7089,1,0.75,0.8,0.45,1,0,0,0,4.5,1.4,0.139626340159546
20,893.684350227636,1000,0.733,1,0.75,0.8,0.45,1,0,0,0,4.5,1.4,0.139626340159546
20.2000000476837,894.316194169223,1000,0.5516,1,0.75,0.8,0.45,1,0,0,0,4.5,1.4,0.139626340159546
20.4000000953674,888.454850846654,1000,0.3886,1,0.75,0.8,0.45,1,0,0,0,4.5,1.4,0.139626340159546
20.5999999046326,886.752685581959,1000,0.3585,1,0.75,0.8,0.45,1,0,0,0,4.5,1.4,0.139626340159546
20.7999999523163,884.844499904566,1000,0.3593,1,0.75,0.8,0.45,1,0,0,0,4.5,1.4,0.139626340159546
21,897.135931293705,1000,0.3651,1,0.75,0.8,0.45,1,0,0,0,4.5,1.4,0.139626340159546
21.2000000476837,891.727348460508,1000,0.3414,1,0.75,0.8,0.45,1,0,0,0,4.5,1.4,0.139626340159546
21.4000000953674,883.101248521119,1000,0.3586,1,0.75,0.8,0.45,1,0,0,0,4.5,1.4,0.139626340159546
21.5999999046326,897.969503989088,1000,0.3428,1,0.75,0.8,0.45,1,0,0,0,4.5,1.4,0.139626340159546
21.7999999523163,893.089113562053,1000,0.4195,1,0.75,0.8,0.45,1,0,0,0,4.5,1.4,0.139626340159546
22,884.374247692248,1000,0.4665,1,0.75,0.8,0.45,1,0,0,0,4.5,1.4,0.139626340159546
22.2000000476837,886.453796697651,1000,0.4015,1,0.75,0.8,0.45,1,0,0,0,4.5,1.4,0.139626340159546
22.4000000953674,886.900003914766,1000,0.7123,1,0.75,0.8,0.45,1,0,0,0,4.5,1.4,0.139626340159546
22.5999999046326,883.610023075015,1000,0.9133,1,0.75,0.8,0.45,1,0,0,0,4.5,1.4,0.139626340159546
22.7999999523163,894.778278494306,1000,0.7569,1,0.75,0.8,0.45,1,0,0,0,4.5,1.4,0.139626340159546
23,889.240895874272,1000,0.8039,1,0.75,0.8,0.45,1,0,0,0,4.5,1.4,0.139626340159546
23.2000000476837,886.500693721303,1000,0.7923,1,0.75,0.8,0.45,1,0,0,0,4.5,1.4,0.139626340159546
23.4000000953674,888.781532468269,1000,1.0412,1,0.75,0.8,0.45,1,0,0,0,4.5,1.4,0.139626340159546
23.5999999046326,886.19095865598,1000,0.8402,1,0.75,0.8,0.45,1,0,0,0,4.5,1.4,0.139626340159546
23.7999999523163,884.014347051104,1000,0.7045,1,0.75,0.8,0.45,1,0,0,0,4.5,1.4,0.139626340159546
24,889.960977783709,1000,0.9177,1,0.75,0.8,0.45,1,0,0,0,4.5,1.4,0.139626340159546
24.2000000476837,891.017693723328,1000,0.9607,1,0.75,0.8,0.45,1,0,0,0,4.5,1.4,0.139626340159546
24.4000000953674,881.867658427249,1000,0.8843,1,0.75,0.8,0.45,1,0,0,0,4.5,1.4,0.139626340159546
24.5999999046326,888.650171218385,1000,1.0417,1,0.75,0.8,0.45,1,0,0,0,4.5,1.4,0.139626340159546
24.7999999523163,887.12967018014,1000,0.9796,1,0.75,0.8,0.45,1,0,0,0,4.5,1.4,0.139626340159546
25,884.951724045266,1000,1.0575,1,0.75,0.8,0.45,1,0,0,0,4.5,1.4,0.139626340159546
25.2000000476837,878.473530190354,1000,0.8694,1,0.75,0.8,0.45,1,0,0,0,4.5,1.4,0.139626340159546
25.4000000953674,884.156092162713,1000,1.2184,1,0.75,0.8,0.45,1,0,0,0,4.5,1.4,0.139626340159546
25.5999999046326,878.225276721703,1000,1.0327,1,0.75,0.8,0.45,1,0,0,0,4.5,1.4,0.139626340159546
25.7999999523163,881.632125396651,1000,1.1641,1,0.75,0.8,0.45,1,0,0,0,4.5,1.4,0.139626340159546
26,888.192275666555,1000,1.1766,1,0.75,0.8,0.45,1,0,0,0,4.5,1.4,0.139626340159546
26.2000000476837,887.8633912183,1000,0.901,1,0.75,0.8,0.45,1,0,0,0,4.5,1.4,0.139626340159546
26.4000000953674,888.982775151201,1000,0.8157,1,0.75,0.8,0.45,1,0,0,0,4.5,1.4,0.139626340159546
26.5999999046326,886.875741934841,1000,0.7812,1,0.75,0.8,0.45,1,0,0,0,4.5,1.4,0.139626340159546
26.7999999523163,892.504246219584,1000,1.0139,1,0.75,0.8,0.45,1,0,0,0,4.5,1.4,0.139626340159546
27,885.496043398914,1000,0.7785,1,0.75,0.8,0.45,1,0,0,0,4.5,1.4,0.139626340159546
27.2000000476837,889.055583631357,1000,0.4581,1,0.75,0.8,0.45,1,0,0,0,4.5,1.4,0.139626340159546
27.4000000953674,883.978622914012,1000,0.3768,1,0.75,0.8,0.45,1,0,0,0,4.5,1.4,0.139626340159546
27.5999999046326,884.270116721992,1000,0.3803,1,0.75,0.8,0.45,1,0,0,0,4.5,1.4,0.139626340159546
27.7999999523163,887.494624446382,1000,0.4147,1,0.75,0.8,0.45,1,0,0,0,4.5,1.4,0.139626340159546
28,874.419517485371,1000,0.6063,1,0.75,0.8,0.45,1,0,0,0,4.5,1.4,0.139626340159546
28.2000000476837,884.391365433304,1000,0.8634,1,0.75,0.8,0.45,1,0,0,0,4.5,1.4,0.139626340159546
28.4000000953674,881.104856516749,1000,0.8496,1,0.75,0.8,0.45,1,0,0,0,4.5,1.4,0.139626340159546
28.5999999046326,887.892437497292,1000,1.0215,1,0.75,0.8,0.45,1,0,0,0,4.5,1.4,0.139626340159546
28.7999999523163,870.159936694948,1000,0.6674,1,0.75,0.8,0.45,1,0,0,0,4.5,1.4,0.139626340159546
29,876.354244865391,1000,0.6526,1,0.75,0.8,0.45,1,0,0,0,4.5,1.4,0.139626340159546
29.2000000476837,896.705286516488,1000,0.8276,1,0.75,0.8,0.45,1,0,0,0,4.5,1.4,0.139626340159546
29.4000000953674,888.695658945924,1000,1.0357,1,0.75,0.8,0.45,1,0,0,0,4.5,1.4,0.139626340159546
29.5999999046326,886.860641993119,1000,1.0174,1,0.75,0.8,0.45,1,0,0,0,4.5,1.4,0.139626340159546
29.7999999523163,890.254856725948,1000,0.9009,1,0.75,0.8,0.45,1,0,0,0,4.5,1.4,0.139626340159546
30,889.523225282801,1000,1.4595,1,0.75,0.8,0.45,1,0,0,0,4.5,1.4,0.139626340159546
30.2000000476837,889.097262153424,1000,0.6542,1,0.75,0.8,0.45,1,0,0,0,4.5,1.4,0.139626340159546
30.4000000953674,882.875403344624,1000,0.6568,1,0.75,0.8,0.45,1,0,0,0,4.5,1.4,0.139626340159546
30.5999999046326,873.033090045203,1000,0.7174,1,0.75,0.8,0.45,1,0,0,0,4.5,1.4,0.139626340159546
30.7999999523163,883.55669918308,1000,1.2449,1,0.75,0.8,0.45,1,0,0,0,4.5,1.4,0.139626340159546
31,901.863643805799,1000,0.9035,1,0.75,0.8,0.45,1,0,0,0,4.5,1.4,0.139626340159546
31.2000000476837,892.681977463063,1000,0.6246,1,0.75,0.8,0.45,1,0,0,0,4.5,1.4,0.139626340159546
31.4000000953674,894.173100092508,1000,0.5556,1,0.75,0.8,0.45,1,0,0,0,4.5,1.4,0.139626340159546
31.5999999046326,882.866352920473,1000,0.5159,1,0.75,0.8,0.45,1,0,0,0,4.5,1.4,0.139626340159546
31.7999999523163,878.480182348001,1000,0.5203,1,0.75,0.8,0.45,1,0,0,0,4.5,1.4,0.139626340159546
32,870.517563614828,1000,0.7904,1,0.75,0.8,0.45,1,0,0,0,4.5,1.4,0.139626340159546
32.2000000476837,883.811820954909,1000,0.4891,1,0.75,0.8,0.45,1,0,0,0,4.5,1.4,0.139626340159546
32.4000000953674,892.718782154976,1000,0.4053,1,0.75,0.8,0.45,1,0,0,0,4.5,1.4,0.139626340159546
32.5999999046326,885.192364105363,1000,0.3764,1,0.75,0.8,0.45,1,0,0,0,4.5,1.4,0.139626340159546
32.7999999523163,885.891265519444,1000,0.4042,1,0.75,0.8,0.45,1,0,0,0,4.5,1.4,0.139626340159546
33,885.401931966159,1000,0.3802,1,0.75,0.8,0.45,1,0,0,0,4.5,1.4,0.139626340159546
33.2000000476837,874.567545526422,1000,0.3915,1,0.75,0.8,0.45,1,0,0,0,4.5,1.4,0.139626340159546
33.4000000953674,883.506562949653,1000,0.3871,1,0.75,0.8,0.45,1,0,0,0,4.5,1.4,0.139626340159546
33.5999999046326,887.763276167544,1000,0.4437,1,0.75,0.8,0.45,1,0,0,0,4.5,1.4,0.139626340159546
33.7999999523163,872.898447219332,1000,0.5397,1,0.75,0.8,0.45,1,0,0,0,4.5,1.4,0.139626340159546
34,877.111007551282,1000,1.0334,1,0.75,0.8,0.45,1,0,0,0,4.5,1.4,0.139626340159546
34.2000000476837,885.648698713031,1000,0.7887,1,0.75,0.8,0.45,1,0,0,0,4.5,1.4,0.139626340159546
34.4000000953674,881.746885691766,1000,0.6108,1,0.75,0.8,0.45,1,0,0,0,4.5,1.4,0.139626340159546
34.5999999046326,900.842657402771,1000,0.6043,1,0.75,0.8,0.45,1,0,0,0,4.5,1.4,0.139626340159546
34.7999999523163,890.364890808201,1000,0.5917,1,0.75,0.8,0.45,1,0,0,0,4.5,1.4,0.139626340159546
35,888.521665837907,1000,0.5849,1,0.75,0.8,0.45,1,0,0,0,4.5,1.4,0.139626340159546
35.2000000476837,888.275508704095,1000,0.5778,1,0.75,0.8,0.45,1,0,0,0,4.5,1.4,0.139626340159546
35.4000000953674,888.837958872254,1000,0.5882,1,0.75,0.8,0.45,1,0,0,0,4.5,1.4,0.139626340159546
35.5999999046326,891.368353310332,1000,0.5711,1,0.75,0.8,0.45,1,0,0,0,4.5,1.4,0.139626340159546
35.7999999523163,892.250813388855,1000,0.6011,1,0.75,0.8,0.45,1,0,0,0,4.5,1.4,0.139626340159546
36,888.302302178858,1000,0.7092,1,0.75,0.8,0.45,1,0,0,0,4.5,1.4,0.139626340159546
36.2000000476837,888.85855384039,1000,0.5621,1,0.75,0.8,0.45,1,0,0,0,4.5,1.4,0.139626340159546
36.4000000953674,880.848760026652,1000,0.5038,1,0.75,0.8,0.45,1,0,0,0,4.5,1.4,0.139626340159546
36.5999999046326,880.770968017476,1000,0.4913,1,0.75,0.8,0.45,1,0,0,0,4.5,1.4,0.139626340159546
36.7999999523163,888.511770160989,1000,0.5073,1,0.75,0.8,0.45,1,0,0,0,4.5,1.4,0.139626340159546
37,886.31881680399,1000,0.5795,1,0.75,0.8,0.45,1,0,0,0,4.5,1.4,0.139626340159546
37.2000000476837,894.438564496739,1000,0.5224,1,0.75,0.8,0.45,1,0,0,0,4.5,1.4,0.139626340159546
37.4000000953674,890.680019118233,1000,0.5639,1,0.75,0.8,0.45,1,0,0,0,4.5,1.4,0.139626340159546
37.5999999046326,887.586809925236,1000,0.5331,1,0.75,0.8,0.45,1,0,0,0,4.5,1.4,0.139626340159546
37.7999999523163,890.126339170623,1000,0.4888,1,0.75,0.8,0.45,1,0,0,0,4.5,1.4,0.139626340159546
38,894.352891384213,1000,1.2439,1,0.75,0.8,0.45,1,0,0,0,4.5,1.4,0.139626340159546
38.2000000476837,890.254314334245,1000,1.2874,1,0.75,0.8,0.45,1,0,0,0,4.5,1.4,0.139626340159546
38.4000000953674,889.017952303174,1000,0.9336,1,0.75,0.8,0.45,1,0,0,0,4.5,1.4,0.139626340159546
38.5999999046326,881.193698206121,1000,0.9117,1,0.75,0.8,0.45,1,0,0,0,4.5,1.4,0.139626340159546
38.7999999523163,895.936967626979,1000,0.9785,1,0.75,0.8,0.45,1,0,0,0,4.5,1.4,0.139626340159546
39,891.260809256796,1000,1.0373,1,0.75,0.8,0.45,1,0,0,0,4.5,1.4,0.139626340159546
39.2000000476837,886.412676271479,1000,0.6676,1,0.75,0.8,0.45,1,0,0,0,4.5,1.4,0.139626340159546
39.4000000953674,884.721488544982,1000,0.7404,1,0.75,0.8,0.45,1,0,0,0,4.5,1.4,0.139626340159546
39.5999999046326,885.478460936877,1000,0.769,1,0.75,0.8,0.45,1,0,0,0,4.5,1.4,0.139626340159546
39.7999999523163,885.823191556861,1000,0.5518,1,0.75,0.8,0.45,1,0,0,0,4.5,1.4,0.139626340159546
40,893.452427251316,1000,0.8425,1,0.75,0.8,0.45,1,0,0,0,4.5,1.4,0.139626340159546
40.2000000476837,889.268482534123,1000,0.6007,1,0.75,0.8,0.45,1,0,0,0,4.5,1.4,0.139626340159546
40.4000000953674,889.852884195853,1000,0.5596,1,0.75,0.8,0.45,1,0,0,0,4.5,1.4,0.139626340159546
40.5999999046326,885.890310341444,1000,0.5411,1,0.75,0.8,0.45,1,0,0,0,4.5,1.4,0.139626340159546
40.7999999523163,887.649376549247,1000,0.5149,1,0.75,0.8,0.45,1,0,0,0,4.5,1.4,0.139626340159546
41,890.149715788912,1000,0.4951,1,0.75,0.8,0.45,1,0,0,0,4.5,1.4,0.139626340159546
41.2000000476837,892.140287021986,1000,0.4815,1,0.75,0.8,0.45,1,0,0,0,4.5,1.4,0.139626340159546
41.4000000953674,886.77004402833,1000,0.4825,1,0.75,0.8,0.45,1,0,0,0,4.5,1.4,0.139626340159546
41.5999999046326,891.143736965076,1000,0.4738,1,0.75,0.8,0.45,1,0,0,0,4.5,1.4,0.139626340159546
41.7999999523163,886.584609557995,1000,0.5009,1,0.75,0.8,0.45,1,0,0,0,4.5,1.4,0.139626340159546
42,884.976797492414,1000,0.9945,1,0.75,0.8,0.45,1,0,0,0,4.5,1.4,0.139626340159546
42.2000000476837,880.301271128536,1000,0.429,1,0.75,0.8,0.45,1,0,0,0,4.5,1.4,0.139626340159546
42.4000000953674,880.610110596011,1000,0.5269,1,0.75,0.8,0.45,1,0,0,0,4.5,1.4,0.139626340159546
42.5999999046326,883.483580632995,1000,0.7818,1,0.75,0.8,0.45,1,0,0,0,4.5,1.4,0.139626340159546
42.7999999523163,881.703843491498,1000,0.4336,1,0.75,0.8,0.45,1,0,0,0,4.5,1.4,0.139626340159546
43,752.110170298095,1000,0.4244,1,0.75,0.8,0.45,1,0,0,0,4.5,1.4,0.139626340159546
43.2000000476837,863.307721736148,1000,0.3856,1,0.75,0.8,0.45,1,0,0,0,4.5,1.4,0.139626340159546
43.4000000953674,879.100225964083,1000,0.3847,1,0.75,0.8,0.45,1,0,0,0,4.5,1.4,0.139626340159546
43.5999999046326,884.926202282712,1000,0.3808,1,0.75,0.8,0.45,1,0,0,0,4.5,1.4,0.139626340159546
43.7999999523163,880.994525225962,1000,0.5103,1,0.75,0.8,0.45,1,0,0,0,4.5,1.4,0.139626340159546
44,884.607169661419,1000,0.6321,1,0.75,0.8,0.45,1,0,0,0,4.5,1.4,0.139626340159546
44.2000000476837,891.756992936843,1000,0.3992,1,0.75,0.8,0.45,1,0,0,0,4.5,1.4,0.139626340159546
44.4000000953674,885.689566564531,1000,0.3875,1,0.75,0.8,0.45,1,0,0,0,4.5,1.4,0.139626340159546
44.5999999046326,886.014951627362,1000,0.381,1,0.75,0.8,0.45,1,0,0,0,4.5,1.4,0.139626340159546
44.7999999523163,890.76578301118,1000,0.3587,1,0.75,0.8,0.45,1,0,0,0,4.5,1.4,0.139626340159546
45,895.550693100034,1000,0.3637,1,0.75,0.8,0.45,1,0,0,0,4.5,1.4,0.139626340159546
45.2000000476837,891.237621870559,1000,0.3644,1,0.75,0.8,0.45,1,0,0,0,4.5,1.4,0.139626340159546
45.4000000953674,882.505727134973,1000,0.3743,1,0.75,0.8,0.45,1,0,0,0,4.5,1.4,0.139626340159546
45.5999999046326,888.709397112759,1000,0.4951,1,0.75,0.8,0.45,1,0,0,0,4.5,1.4,0.139626340159546
45.7999999523163,882.326215967094,1000,0.4279,1,0.75,0.8,0.45,1,0,0,0,4.5,1.4,0.139626340159546
46,880.37757822957,1000,0.6265,1,0.75,0.8,0.45,1,0,0,0,4.5,1.4,0.139626340159546
46.2000000476837,883.485464235901,1000,0.4276,1,0.75,0.8,0.45,1,0,0,0,4.5,1.4,0.139626340159546
46.4000000953674,879.460268471494,1000,0.381,1,0.75,0.8,0.45,1,0,0,0,4.5,1.4,0.139626340159546
46.5999999046326,881.850190408982,1000,0.3955,1,0.75,0.8,0.45,1,0,0,0,4.5,1.4,0.139626340159546
46.7999999523163,885.986237859882,1000,0.418,1,0.75,0.8,0.45,1,0,0,0,4.5,1.4,0.139626340159546
47,889.145999275116,1000,0.4217,1,0.75,0.8,0.45,1,0,0,0,4.5,1.4,0.139626340159546
47.2000000476837,883.819096895437,1000,0.4121,1,0.75,0.8,0.45,1,0,0,0,4.5,1.4,0.139626340159546
47.4000000953674,886.973935881479,1000,0.3872,1,0.75,0.8,0.45,1,0,0,0,4.5,1.4,0.139626340159546
47.5999999046326,890.962916920588,1000,0.38,1,0.75,0.8,0.45,1,0,0,0,4.5,1.4,0.139626340159546
47.7999999523163,881.327166225212,1000,0.4866,1,0.75,0.8,0.45,1,0,0,0,4.5,1.4,0.139626340159546
48,882.711476306698,1000,0.4991,1,0.75,0.8,0.45,1,0,0,0,4.5,1.4,0.139626340159546
48.2000000476837,886.155817141859,1000,0.4082,1,0.75,0.8,0.45,1,0,0,0,4.5,1.4,0.139626340159546
48.4000000953674,882.945566057374,1000,0.3569,1,0.75,0.8,0.45,1,0,0,0,4.5,1.4,0.139626340159546
48.5999999046326,887.73778297882,1000,0.3507,1,0.75,0.8,0.45,1,0,0,0,4.5,1.4,0.139626340159546
48.7999999523163,885.74760356553,1000,0.356,1,0.75,0.8,0.45,1,0,0,0,4.5,1.4,0.139626340159546
49,887.263245167387,1000,0.3536,1,0.75,0.8,0.45,1,0,0,0,4.5,1.4,0.139626340159546
49.2000000476837,892.248378695385,1000,0.3588,1,0.75,0.8,0.45,1,0,0,0,4.5,1.4,0.139626340159546
49.4000000953674,892.586855686203,1000,0.3596,1,0.75,0.8,0.45,1,0,0,0,4.5,1.4,0.139626340159546
49.5999999046326,888.60870400637,1000,0.3557,1,0.75,0.8,0.45,1,0,0,0,4.5,1.4,0.139626340159546
49.7999999523163,883.274719306006,1000,0.3458,1,0.75,0.8,0.45,1,0,0,0,4.5,1.4,0.139626340159546
50,873.444640063477,1000,0.4349,1,0.75,0.8,0.45,1,0,0,0,4.5,1.4,0.139626340159546
50.2000000476837,882.441285346937,1000,0.3865,1,0.75,0.8,0.45,1,0,0,0,4.5,1.4,0.139626340159546
50.4000000953674,891.786492499981,1000,0.3834,1,0.75,0.8,0.45,1,0,0,0,4.5,1.4,0.139626340159546
50.5999999046326,891.010705953292,1000,0.3711,1,0.75,0.8,0.45,1,0,0,0,4.5,1.4,0.139626340159546
50.7999999523163,890.312546385571,1000,0.3741,1,0.75,0.8,0.45,1,0,0,0,4.5,1.4,0.139626340159546
51,889.120737517486,1000,0.5459,1,0.75,0.8,0.45,1,0,0,0,4.5,1.4,0.139626340159546
51.2000000476837,891.188748757473,1000,0.4254,1,0.75,0.8,0.45,1,0,0,0,4.5,1.4,0.139626340159546
51.4000000953674,895.758592693018,1000,0.3805,1,0.75,0.8,0.45,1,0,0,0,4.5,1.4,0.139626340159546
51.5999999046326,891.656767626361,1000,0.3706,1,0.75,0.8,0.45,1,0,0,0,4.5,1.4,0.139626340159546
51.7999999523163,884.53060014466,1000,0.3978,1,0.75,0.8,0.45,1,0,0,0,4.5,1.4,0.139626340159546
52,885.289085950179,1000,0.6819,1,0.75,0.8,0.45,1,0,0,0,4.5,1.4,0.139626340159546
52.2000000476837,884.327113582729,1000,0.5545,1,0.75,0.8,0.45,1,0,0,0,4.5,1.4,0.139626340159546
52.4000000953674,894.412626026684,1000,0.4326,1,0.75,0.8,0.45,1,0,0,0,4.5,1.4,0.139626340159546
52.5999999046326,879.764175941569,1000,0.4822,1,0.75,0.8,0.45,1,0,0,0,4.5,1.4,0.139626340159546
52.7999999523163,885.339728614744,1000,0.8545,1,0.75,0.8,0.45,1,0,0,0,4.5,1.4,0.139626340159546
53,890.278344428775,1000,0.3953,1,0.75,0.8,0.45,1,0,0,0,4.5,1.4,0.139626340159546
53.2000000476837,892.237214508179,1000,0.3519,1,0.75,0.8,0.45,1,0,0,0,4.5,1.4,0.139626340159546
53.4000000953674,895.437526000317,1000,0.353,1,0.75,0.8,0.45,1,0,0,0,4.5,1.4,0.139626340159546
53.5999999046326,883.609475911517,1000,0.3426,1,0.75,0.8,0.45,1,0,0,0,4.5,1.4,0.139626340159546
53.7999999523163,886.678919376169,1000,0.353,1,0.75,0.8,0.45,1,0,0,0,4.5,1.4,0.139626340159546
54,891.146506544405,1000,0.4206,1,0.75,0.8,0.45,1,0,0,0,4.5,1.4,0.139626340159546
54.2000000476837,892.832476397572,1000,0.38,1,0.75,0.8,0.45,1,0,0,0,4.5,1.4,0.139626340159546
54.4000000953674,897.914876348567,1000,0.3576,1,0.75,0.8,0.45,1,0,0,0,4.5,1.4,0.139626340159546
54.5999999046326,889.863629540662,1000,0.3487,1,0.75,0.8,0.45,1,0,0,0,4.5,1.4,0.139626340159546
54.7999999523163,889.905927425102,1000,0.3445,1,0.75,0.8,0.45,1,0,0,0,4.5,1.4,0.139626340159546
55,892.72253572801,1000,0.4056,1,0.75,0.8,0.45,1,0,0,0,4.5,1.4,0.139626340159546
55.2000000476837,886.459274866989,1000,0.4272,1,0.75,0.8,0.45,1,0,0,0,4.5,1.4,0.139626340159546
55.4000000953674,890.141181457102,1000,0.3737,1,0.75,0.8,0.45,1,0,0,0,4.5,1.4,0.139626340159546
55.5999999046326,880.739062819504,1000,0.3718,1,0.75,0.8,0.45,1,0,0,0,4.5,1.4,0.139626340159546
55.7999999523163,882.598461774992,1000,0.3538,1,0.75,0.8,0.45,1,0,0,0,4.5,1.4,0.139626340159546
56,877.530401899365,1000,0.4026,1,0.75,0.8,0.45,1,0,0,0,4.5,1.4,0.139626340159546
56.2000000476837,880.657412718465,1000,0.388,1,0.75,0.8,0.45,1,0,0,0,4.5,1.4,0.139626340159546
56.4000000953674,883.540825293199,1000,0.4253,1,0.75,0.8,0.45,1,0,0,0,4.5,1.4,0.139626340159546
56.5999999046326,860.193164404019,1000,0.3741,1,0.75,0.8,0.45,1,0,0,0,4.5,1.4,0.139626340159546
56.7999999523163,882.163399572449,1000,0.3689,1,0.75,0.8,0.45,1,0,0,0,4.5,1.4,0.139626340159546
57,888.388472042373,1000,0.3618,1,0.75,0.8,0.45,1,0,0,0,4.5,1.4,0.139626340159546
57.2000000476837,890.272845097557,1000,0.3439,1,0.75,0.8,0.45,1,0,0,0,4.5,1.4,0.139626340159546
57.4000000953674,890.27577714299,1000,0.3528,1,0.75,0.8,0.45,1,0,0,0,4.5,1.4,0.139626340159546
57.5999999046326,887.728007683666,1000,0.3495,1,0.75,0.8,0.45,1,0,0,0,4.5,1.4,0.139626340159546
57.7999999523163,881.484488820557,1000,0.388,1,0.75,0.8,0.45,1,0,0,0,4.5,1.4,0.139626340159546
58,890.70966055404,1000,0.7669,1,0.75,0.8,0.45,1,0,0,0,4.5,1.4,0.139626340159546
58.2000000476837,898.713571251723,1000,0.7288,1,0.75,0.8,0.45,1,0,0,0,4.5,1.4,0.139626340159546
58.4000000953674,887.904331162472,1000,0.482,1,0.75,0.8,0.45,1,0,0,0,4.5,1.4,0.139626340159546
58.5999999046326,887.173229207824,1000,0.5032,1,0.75,0.8,0.45,1,0,0,0,4.5,1.4,0.139626340159546
58.7999999523163,886.624465214453,1000,0.4058,1,0.75,0.8,0.45,1,0,0,0,4.5,1.4,0.139626340159546
59,892.754693594012,1000,0.4096,1,0.75,0.8,0.45,1,0,0,0,4.5,1.4,0.139626340159546
59.2000000476837,890.456585681516,1000,0.4248,1,0.75,0.8,0.45,1,0,0,0,4.5,1.4,0.139626340159546
59.4000000953674,886.07267519341,1000,0.5188,1,0.75,0.8,0.45,1,0,0,0,4.5,1.4,0.139626340159546
59.5999999046326,892.078562335464,1000,0.7994,1,0.75,0.8,0.45,1,0,0,0,4.5,1.4,0.139626340159546
59.7999999523163,885.995290067779,1000,0.4594,1,0.75,0.8,0.45,1,0,0,0,4.5,1.4,0.139626340159546
60,875.153127425798,1000,0.6148,1,0.75,0.8,0.45,1,0,0,0,4.5,1.4,0.139626340159546
60.2000000476837,892.027490013472,1000,0.4163,1,0.75,0.8,0.45,1,0,0,0,4.5,1.4,0.139626340159546
60.4000000953674,885.769086649276,1000,0.4818,1,0.75,0.8,0.45,1,0,0,0,4.5,1.4,0.139626340159546
60.5999999046326,895.57435153302,1000,0.6482,1,0.75,0.8,0.45,1,0,0,0,4.5,1.4,0.139626340159546
60.7999999523163,885.32914646218,1000,0.4716,1,0.75,0.8,0.45,1,0,0,0,4.5,1.4,0.139626340159546
61,880.299682752376,1000,0.4458,1,0.75,0.8,0.45,1,0,0,0,4.5,1.4,0.139626340159546
61.2000000476837,887.94906438017,1000,0.4188,1,0.75,0.8,0.45,1,0,0,0,4.5,1.4,0.139626340159546
61.4000000953674,888.31731507306,1000,0.3857,1,0.75,0.8,0.45,1,0,0,0,4.5,1.4,0.139626340159546
61.5999999046326,893.718978130661,1000,0.3782,1,0.75,0.8,0.45,1,0,0,0,4.5,1.4,0.139626340159546
61.7999999523163,890.600586897185,1000,0.3664,1,0.75,0.8,0.45,1,0,0,0,4.5,1.4,0.139626340159546
62,882.922358951262,1000,0.8502,1,0.75,0.8,0.45,1,0,0,0,4.5,1.4,0.139626340159546
62.2000000476837,889.996588218027,1000,0.4316,1,0.75,0.8,0.45,1,0,0,0,4.5,1.4,0.139626340159546
62.4000000953674,833.4672372012,1000,0.3577,1,0.75,0.8,0.45,1,0,0,0,4.5,1.4,0.139626340159546
62.5999999046326,884.156532279017,1000,0.368,1,0.75,0.8,0.45,1,0,0,0,4.5,1.4,0.139626340159546
62.7999999523163,878.280504964696,1000,0.3573,1,0.75,0.8,0.45,1,0,0,0,4.5,1.4,0.139626340159546
63,895.159502309998,1000,0.3549,1,0.75,0.8,0.45,1,0,0,0,4.5,1.4,0.139626340159546
63.2000000476837,876.88905372083,1000,0.3554,1,0.75,0.8,0.45,1,0,0,0,4.5,1.4,0.139626340159546
63.4000000953674,765.026051076798,1000,0.3536,1,0.75,0.8,0.45,1,0,0,0,4.5,1.4,0.139626340159546
63.5999999046326,830.579546382311,1000,0.3626,1,0.75,0.8,0.45,1,0,0,0,4.5,1.4,0.139626340159546
63.7999999523163,867.326523553992,1000,0.3438,1,0.75,0.8,0.45,1,0,0,0,4.5,1.4,0.139626340159546
64,839.404857925948,1000,0.4456,1,0.75,0.8,0.45,1,0,0,0,4.5,1.4,0.139626340159546
64.2000000476837,885.918090778767,1000,0.3831,1,0.75,0.8,0.45,1,0,0,0,4.5,1.4,0.139626340159546
64.4000000953674,885.03680599903,1000,0.8859,1,0.75,0.8,0.45,1,0,0,0,4.5,1.4,0.139626340159546
64.5999999046326,877.85438364357,1000,0.56,1,0.75,0.8,0.45,1,0,0,0,4.5,1.4,0.139626340159546
64.7999999523163,844.634759585447,1000,0.3864,1,0.75,0.8,0.45,1,0,0,0,4.5,1.4,0.139626340159546
65,831.443906665178,1000,0.3939,1,0.75,0.8,0.45,1,0,0,0,4.5,1.4,0.139626340159546
65.2000000476837,874.266733202162,1000,0.4099,1,0.75,0.8,0.45,1,0,0,0,4.5,1.4,0.139626340159546
65.4000000953674,890.469261857206,1000,0.4231,1,0.75,0.8,0.45,1,0,0,0,4.5,1.4,0.139626340159546
65.5999999046326,886.014820691255,1000,0.4052,1,0.75,0.8,0.45,1,0,0,0,4.5,1.4,0.139626340159546
65.7999999523163,789.927501475966,1000,0.3917,1,0.75,0.8,0.45,1,0,0,0,4.5,1.4,0.139626340159546
66,866.346676204607,1000,0.4549,1,0.75,0.8,0.45,1,0,0,0,4.5,1.4,0.139626340159546
66.2000000476837,871.630438263886,1000,0.3921,1,0.75,0.8,0.45,1,0,0,0,4.5,1.4,0.139626340159546
66.4000000953674,870.813360351731,1000,0.3615,1,0.75,0.8,0.45,1,0,0,0,4.5,1.4,0.139626340159546
66.5999999046326,839.635611426717,1000,0.3606,1,0.75,0.8,0.45,1,0,0,0,4.5,1.4,0.139626340159546
66.7999999523163,863.689157886203,1000,0.3979,1,0.75,0.8,0.45,1,0,0,0,4.5,1.4,0.139626340159546
67,888.560999983783,1000,0.3765,1,0.75,0.8,0.45,1,0,0,0,4.5,1.4,0.139626340159546
67.2000000476837,817.410716043912,1000,0.3634,1,0.75,0.8,0.45,1,0,0,0,4.5,1.4,0.139626340159546
67.4000000953674,838.200630000315,1000,0.3556,1,0.75,0.8,0.45,1,0,0,0,4.5,1.4,0.139626340159546
67.5999999046326,876.171336244972,1000,0.4393,1,0.75,0.8,0.45,1,0,0,0,4.5,1.4,0.139626340159546
67.7999999523163,877.687581045197,1000,0.6213,1,0.75,0.8,0.45,1,0,0,0,4.5,1.4,0.139626340159546
68,876.614399466369,1000,0.4457,1,0.75,0.8,0.45,1,0,0,0,4.5,1.4,0.139626340159546
68.2000000476837,800.638018625408,1000,0.4081,1,0.75,0.8,0.45,1,0,0,0,4.5,1.4,0.139626340159546
68.4000000953674,881.724011728784,1000,0.373,1,0.75,0.8,0.45,1,0,0,0,4.5,1.4,0.139626340159546
68.5999999046326,881.697607463017,1000,0.4543,1,0.75,0.8,0.45,1,0,0,0,4.5,1.4,0.139626340159546
68.7999999523163,885.455050974,1000,0.3756,1,0.75,0.8,0.45,1,0,0,0,4.5,1.4,0.139626340159546
69,813.883261541439,1000,0.3599,1,0.75,0.8,0.45,1,0,0,0,4.5,1.4,0.139626340159546
69.2000000476837,865.871827930398,1000,0.4038,1,0.75,0.8,0.45,1,0,0,0,4.5,1.4,0.139626340159546
69.4000000953674,882.191384971797,1000,0.391,1,0.75,0.8,0.45,1,0,0,0,4.5,1.4,0.139626340159546
69.5999999046326,869.863043074096,1000,0.3676,1,0.75,0.8,0.45,1,0,0,0,4.5,1.4,0.139626340159546
69.7999999523163,875.417974222816,1000,0.3753,1,0.75,0.8,0.45,1,0,0,0,4.5,1.4,0.139626340159546
70,852.185253386658,1000,0.4629,1,0.75,0.8,0.45,1,0,0,0,4.5,1.4,0.139626340159546
70.2000000476837,884.2025553876,1000,0.4017,1,0.75,0.8,0.45,1,0,0,0,4.5,1.4,0.139626340159546
70.4000000953674,890.892440419497,1000,0.3999,1,0.75,0.8,0.45,1,0,0,0,4.5,1.4,0.139626340159546
70.5999999046326,852.443956823158,1000,0.4479,1,0.75,0.8,0.45,1,0,0,0,4.5,1.4,0.139626340159546
70.7999999523163,872.342424971838,1000,0.4207,1,0.75,0.8,0.45,1,0,0,0,4.5,1.4,0.139626340159546
71,835.497156856603,1000,0.4468,1,0.75,0.8,0.45,1,0,0,0,4.5,1.4,0.139626340159546
71.2000000476837,884.027167528564,1000,0.3945,1,0.75,0.8,0.45,1,0,0,0,4.5,1.4,0.139626340159546
71.4000000953674,882.760813973598,1000,0.3995,1,0.75,0.8,0.45,1,0,0,0,4.5,1.4,0.139626340159546
71.5999999046326,822.782866254727,1000,0.3818,1,0.75,0.8,0.45,1,0,0,0,4.5,1.4,0.139626340159546
71.7999999523163,875.242929086107,1000,0.377,1,0.75,0.8,0.45,1,0,0,0,4.5,1.4,0.139626340159546
72,856.741585656432,1000,0.626,1,0.75,0.8,0.45,1,0,0,0,4.5,1.4,0.139626340159546
72.2000000476837,890.847071214251,1000,0.4101,1,0.75,0.8,0.45,1,0,0,0,4.5,1.4,0.139626340159546
72.4000000953674,889.664850667321,1000,0.359,1,0.75,0.8,0.45,1,0,0,0,4.5,1.4,0.139626340159546
72.5999999046326,841.491792940365,1000,0.372,1,0.75,0.8,0.45,1,0,0,0,4.5,1.4,0.139626340159546
72.7999999523163,888.932932196515,1000,0.3781,1,0.75,0.8,0.45,1,0,0,0,4.5,1.4,0.139626340159546
73,878.442294910287,1000,0.358,1,0.75,0.8,0.45,1,0,0,0,4.5,1.4,0.139626340159546
73.2000000476837,890.571348733044,1000,0.3568,1,0.75,0.8,0.45,1,0,0,0,4.5,1.4,0.139626340159546
73.4000000953674,890.38332620169,1000,0.3625,1,0.75,0.8,0.45,1,0,0,0,4.5,1.4,0.139626340159546
73.5999999046326,881.349630360776,1000,0.37,1,0.75,0.8,0.45,1,0,0,0,4.5,1.4,0.139626340159546
73.7999999523163,874.781643321254,1000,0.4921,1,0.75,0.8,0.45,1,0,0,0,4.5,1.4,0.139626340159546
74,867.088880668078,1000,0.4373,1,0.75,0.8,0.45,1,0,0,0,4.5,1.4,0.139626340159546
74.2000000476837,881.595801498781,1000,0.3752,1,0.75,0.8,0.45,1,0,0,0,4.5,1.4,0.139626340159546
74.4000000953674,883.965972836772,1000,0.3682,1,0.75,0.8,0.45,1,0,0,0,4.5,1.4,0.139626340159546
74.5999999046326,854.915148418148,1000,0.3671,1,0.75,0.8,0.45,1,0,0,0,4.5,1.4,0.139626340159546
74.7999999523163,874.141927918167,1000,0.3553,1,0.75,0.8,0.45,1,0,0,0,4.5,1.4,0.139626340159546
75,868.437722255194,1000,0.3513,1,0.75,0.8,0.45,1,0,0,0,4.5,1.4,0.139626340159546
75.2000000476837,868.243628227992,1000,0.3685,1,0.75,0.8,0.45,1,0,0,0,4.5,1.4,0.139626340159546
75.4000000953674,845.939646366533,1000,0.3532,1,0.75,0.8,0.45,1,0,0,0,4.5,1.4,0.139626340159546
75.5999999046326,851.558568738196,1000,0.3444,1,0.75,0.8,0.45,1,0,0,0,4.5,1.4,0.139626340159546
75.7999999523163,880.331523347469,1000,0.3629,1,0.75,0.8,0.45,1,0,0,0,4.5,1.4,0.139626340159546
76,873.168352738592,1000,0.5421,1,0.75,0.8,0.45,1,0,0,0,4.5,1.4,0.139626340159546
76.2000000476837,847.346572867577,1000,0.4129,1,0.75,0.8,0.45,1,0,0,0,4.5,1.4,0.139626340159546
76.4000000953674,876.106431281121,1000,0.3868,1,0.75,0.8,0.45,1,0,0,0,4.5,1.4,0.139626340159546
76.5999999046326,848.627007353196,1000,0.5058,1,0.75,0.8,0.45,1,0,0,0,4.5,1.4,0.139626340159546
76.7999999523163,882.326072846738,1000,0.4463,1,0.75,0.8,0.45,1,0,0,0,4.5,1.4,0.139626340159546
77,875.820107477362,1000,0.4059,1,0.75,0.8,0.45,1,0,0,0,4.5,1.4,0.139626340159546
77.2000000476837,842.00402828254,1000,0.3917,1,0.75,0.8,0.45,1,0,0,0,4.5,1.4,0.139626340159546
77.4000000953674,805.284122337709,1000,0.8938,1,0.75,0.8,0.45,1,0,0,0,4.5,1.4,0.139626340159546
77.5999999046326,834.857811114476,1000,0.8125,1,0.75,0.8,0.45,1,0,0,0,4.5,1.4,0.139626340159546
77.7999999523163,866.74195330985,1000,0.7912,1,0.75,0.8,0.45,1,0,0,0,4.5,1.4,0.139626340159546
78,891.062658689796,1000,0.6186,1,0.75,0.8,0.45,1,0,0,0,4.5,1.4,0.139626340159546
78.2000000476837,801.907502618258,1000,0.4283,1,0.75,0.8,0.45,1,0,0,0,4.5,1.4,0.139626340159546
78.4000000953674,883.869153354073,1000,0.3927,1,0.75,0.8,0.45,1,0,0,0,4.5,1.4,0.139626340159546
78.5999999046326,863.043876777589,1000,0.3772,1,0.75,0.8,0.45,1,0,0,0,4.5,1.4,0.139626340159546
78.7999999523163,879.319599801082,1000,0.3899,1,0.75,0.8,0.45,1,0,0,0,4.5,1.4,0.139626340159546
79,890.537404702089,1000,0.3938,1,0.75,0.8,0.45,1,0,0,0,4.5,1.4,0.139626340159546
79.2000000476837,813.993217695998,1000,0.5439,1,0.75,0.8,0.45,1,0,0,0,4.5,1.4,0.139626340159546
79.4000000953674,862.326120968057,1000,1.0158,1,0.75,0.8,0.45,1,0,0,0,4.5,1.4,0.139626340159546
79.5999999046326,879.30194855264,1000,0.6154,1,0.75,0.8,0.45,1,0,0,0,4.5,1.4,0.139626340159546
79.7999999523163,795.476563041165,1000,0.383,1,0.75,0.8,0.45,1,0,0,0,4.5,1.4,0.139626340159546
80,874.239571704065,1000,0.4324,1,0.75,0.8,0.45,1,0,0,0,4.5,1.4,0.139626340159546
80.2000000476837,859.473092792573,1000,0.3727,1,0.75,0.8,0.45,1,0,0,0,4.5,1.4,0.139626340159546
80.4000000953674,878.838882852501,1000,0.6276,1,0.75,0.8,0.45,1,0,0,0,4.5,1.4,0.139626340159546
80.5999999046326,890.854387378551,1000,0.6886,1,0.75,0.8,0.45,1,0,0,0,4.5,1.4,0.139626340159546
80.7999999523163,829.536212083915,1000,0.6437,1,0.75,0.8,0.45,1,0,0,0,4.5,1.4,0.139626340159546
81,872.110119308844,1000,0.6797,1,0.75,0.8,0.45,1,0,0,0,4.5,1.4,0.139626340159546
81.2000000476837,834.726052709896,1000,0.6368,1,0.75,0.8,0.45,1,0,0,0,4.5,1.4,0.139626340159546
81.4000000953674,885.310160568674,1000,0.4122,1,0.75,0.8,0.45,1,0,0,0,4.5,1.4,0.139626340159546
81.5999999046326,982.696093473351,1000,0.3983,1,0,0.8,0.45,1,0,0,0,4.5,1.4,0.139626340159546
81.7999999523163,980.03767135615,1000,0.3387,1,0,0.8,0.45,1,0,0,0,4.5,1.4,0.139626340159546
82,977.605827734454,1000,0.419,1,0,0.8,0.45,1,0,0,0,4.5,1.4,0.139626340159546
82.2000000476837,975.332263613338,1000,0.3881,1,0,0.8,0.45,1,0,0,0,4.5,1.4,0.139626340159546
82.4000000953674,722.349384593813,1000,0.3757,1,0.75,0.8,0.45,1,0,0,0,4.5,1.4,0.139626340159546
82.5999999046326,975.975344262029,1000,0.457,1,0,0.8,0.45,1,0,0,0,4.5,1.4,0.139626340159546
82.7999999523163,973.732221605309,1000,0.5506,1,0,0.8,0.45,1,0,0,0,4.5,1.4,0.139626340159546
83,734.913107986312,1000,0.4003,1,0.75,0.8,0.45,1,0,0,0,4.5,1.4,0.139626340159546
83.2000000476837,824.289339364128,1000,0.3668,1,0.75,0.8,0.45,1,0,0,0,4.5,1.4,0.139626340159546
83.4000000953674,863.976504499272,1000,0.3677,1,0.75,0.8,0.45,1,0,0,0,4.5,1.4,0.139626340159546
83.5999999046326,982.601126987567,1000,0.3434,1,0,0.8,0.45,1,0,0,0,4.5,1.4,0.139626340159546
83.7999999523163,980.22027997294,1000,0.3278,1,0,0.8,0.45,1,0,0,0,4.5,1.4,0.139626340159546
84,978.605601823418,1000,0.4045,1,0,0.8,0.45,1,0,0,0,4.5,1.4,0.139626340159546
84.2000000476837,977.057756839045,1000,0.3507,1,0,0.8,0.45,1,0,0,0,4.5,1.4,0.139626340159546
84.4000000953674,976.456797587362,1000,0.3485,1,0,0.8,0.45,1,0,0,0,4.5,1.4,0.139626340159546
84.5999999046326,974.371499421474,1000,0.3428,1,0,0.8,0.45,1,0,0,0,4.5,1.4,0.139626340159546
84.7999999523163,639.232461297368,1000,0.3536,1,0.75,0.8,0.45,1,0,0,0,4.5,1.4,0.139626340159546
85,793.466539450777,1000,0.3597,1,0.75,0.8,0.45,1,0,0,0,4.5,1.4,0.139626340159546
85.2000000476837,848.780604871324,1000,0.3335,1,0.75,0.8,0.45,1,0,0,0,4.5,1.4,0.139626340159546
85.4000000953674,988.307555906075,1000,0.3363,1,0,0.8,0.45,1,0,0,0,4.5,1.4,0.139626340159546
85.5999999046326,987.706479184023,1000,0.3244,1,0,0.8,0.45,1,0,0,0,4.5,1.4,0.139626340159546
85.7999999523163,783.06731600707,1000,0.3517,1,0.75,0.8,0.45,1,0,0,0,4.5,1.4,0.139626340159546
86,992.000948248195,1000,0.5557,1,0,0.8,0.45,1,0,0,0,4.5,1.4,0.139626340159546
86.2000000476837,992.78324181642,1000,0.3456,1,0,0.8,0.45,1,0,0,0,4.5,1.4,0.139626340159546
86.4000000953674,769.397810005916,1000,0.372,1,0.75,0.8,0.45,1,0,0,0,4.5,1.4,0.139626340159546
86.5999999046326,843.469936301945,1000,0.369,1,0.75,0.8,0.45,1,0,0,0,4.5,1.4,0.139626340159546
86.7999999523163,868.503008722932,1000,0.3717,1,0.75,0.8,0.45,1,0,0,0,4.5,1.4,0.139626340159546
87,866.823103787407,1000,0.3755,1,0.75,0.8,0.45,1,0,0,0,4.5,1.4,0.139626340159546
87.2000000476837,883.257777969346,1000,0.377,1,0.75,0.8,0.45,1,0,0,0,4.5,1.4,0.139626340159546
87.4000000953674,897.105326639831,1000,0.3452,1,0.75,0.8,0.45,1,0,0,0,4.5,1.4,0.139626340159546
87.5999999046326,877.077264169942,1000,0.3898,1,0.75,0.8,0.45,1,0,0,0,4.5,1.4,0.139626340159546
87.7999999523163,889.446013165795,1000,0.3464,1,0.75,0.8,0.45,1,0,0,0,4.5,1.4,0.139626340159546
88,893.182190867488,1000,0.6168,1,0.75,0.8,0.45,1,0,0,0,4.5,1.4,0.139626340159546
88.2000000476837,895.51312320361,1000,0.4158,1,0.75,0.8,0.45,1,0,0,0,4.5,1.4,0.139626340159546
88.4000000953674,886.745098839142,1000,0.4139,1,0.75,0.8,0.45,1,0,0,0,4.5,1.4,0.139626340159546
88.5999999046326,885.406260861163,1000,0.388,1,0.75,0.8,0.45,1,0,0,0,4.5,1.4,0.139626340159546
88.7999999523163,880.485825794497,1000,0.4433,1,0.75,0.8,0.45,1,0,0,0,4.5,1.4,0.139626340159546
89,883.713494629866,1000,0.4,1,0.75,0.8,0.45,1,0,0,0,4.5,1.4,0.139626340159546
89.2000000476837,880.040793977771,1000,0.3719,1,0.75,0.8,0.45,1,0,0,0,4.5,1.4,0.139626340159546
89.4000000953674,883.24094962059,1000,0.7031,1,0.75,0.8,0.45,1,0,0,0,4.5,1.4,0.139626340159546
89.5999999046326,884.637407967418,1000,0.7456,1,0.75,0.8,0.45,1,0,0,0,4.5,1.4,0.139626340159546
89.7999999523163,880.473936049264,1000,0.618,1,0.75,0.8,0.45,1,0,0,0,4.5,1.4,0.139626340159546
90,887.727613072422,1000,0.8932,1,0.75,0.8,0.45,1,0,0,0,4.5,1.4,0.139626340159546
90.2000000476837,880.013901189937,1000,0.4146,1,0.75,0.8,0.45,1,0,0,0,4.5,1.4,0.139626340159546
90.4000000953674,896.461933833882,1000,0.3816,1,0.75,0.8,0.45,1,0,0,0,4.5,1.4,0.139626340159546
90.5999999046326,890.118128225819,1000,0.3657,1,0.75,0.8,0.45,1,0,0,0,4.5,1.4,0.139626340159546
90.7999999523163,881.605791259877,1000,0.4844,1,0.75,0.8,0.45,1,0,0,0,4.5,1.4,0.139626340159546
91,875.344624606667,1000,0.5592,1,0.75,0.8,0.45,1,0,0,0,4.5,1.4,0.139626340159546
91.2000000476837,885.507247851688,1000,0.6153,1,0.75,0.8,0.45,1,0,0,0,4.5,1.4,0.139626340159546
91.4000000953674,892.970639022435,1000,0.4369,1,0.75,0.8,0.45,1,0,0,0,4.5,1.4,0.139626340159546
91.5999999046326,875.754597121002,1000,0.4211,1,0.75,0.8,0.45,1,0,0,0,4.5,1.4,0.139626340159546
91.7999999523163,880.666420990073,1000,0.3762,1,0.75,0.8,0.45,1,0,0,0,4.5,1.4,0.139626340159546
92,883.614243321981,1000,0.4538,1,0.75,0.8,0.45,1,0,0,0,4.5,1.4,0.139626340159546
92.2000000476837,878.949909862945,1000,0.3862,1,0.75,0.8,0.45,1,0,0,0,4.5,1.4,0.139626340159546
92.4000000953674,885.523230904276,1000,0.3759,1,0.75,0.8,0.45,1,0,0,0,4.5,1.4,0.139626340159546
92.5999999046326,883.532953502268,1000,0.362,1,0.75,0.8,0.45,1,0,0,0,4.5,1.4,0.139626340159546
92.7999999523163,878.956426526839,1000,0.343,1,0.75,0.8,0.45,1,0,0,0,4.5,1.4,0.139626340159546
93,876.71228208103,1000,0.3502,1,0.75,0.8,0.45,1,0,0,0,4.5,1.4,0.139626340159546
93.2000000476837,873.036840064585,1000,0.3491,1,0.75,0.8,0.45,1,0,0,0,4.5,1.4,0.139626340159546
93.4000000953674,876.908574497006,1000,0.348,1,0.75,0.8,0.45,1,0,0,0,4.5,1.4,0.139626340159546
93.5999999046326,889.259172380674,1000,0.3447,1,0.75,0.8,0.45,1,0,0,0,4.5,1.4,0.139626340159546
93.7999999523163,879.879095930639,1000,0.35,1,0.75,0.8,0.45,1,0,0,0,4.5,1.4,0.139626340159546
94,889.903693885969,1000,0.5155,1,0.75,0.8,0.45,1,0,0,0,4.5,1.4,0.139626340159546
94.2000000476837,872.374619351601,1000,0.4269,1,0.75,0.8,0.45,1,0,0,0,4.5,1.4,0.139626340159546
94.4000000953674,878.452343657628,1000,0.483,1,0.75,0.8,0.45,1,0,0,0,4.5,1.4,0.139626340159546
94.5999999046326,888.735757225159,1000,0.4551,1,0.75,0.8,0.45,1,0,0,0,4.5,1.4,0.139626340159546
94.7999999523163,878.913938588691,1000,0.7948,1,0.75,0.8,0.45,1,0,0,0,4.5,1.4,0.139626340159546
95,886.220564403023,1000,0.7948,1,0.75,0.8,0.45,1,0,0,0,4.5,1.4,0.139626340159546
95.2000000476837,891.646381447747,1000,0.8113,1,0.75,0.8,0.45,1,0,0,0,4.5,1.4,0.139626340159546
95.4000000953674,889.746418093869,1000,0.8453,1,0.75,0.8,0.45,1,0,0,0,4.5,1.4,0.139626340159546
95.5999999046326,895.365907725064,1000,0.8748,1,0.75,0.8,0.45,1,0,0,0,4.5,1.4,0.139626340159546
95.7999999523163,887.601007294684,1000,0.4573,1,0.75,0.8,0.45,1,0,0,0,4.5,1.4,0.139626340159546
96,891.63409558038,1000,1.1034,1,0.75,0.8,0.45,1,0,0,0,4.5,1.4,0.139626340159546
96.2000000476837,877.215594279837,1000,0.5874,1,0.75,0.8,0.45,1,0,0,0,4.5,1.4,0.139626340159546
96.4000000953674,875.875038447433,1000,0.3815,1,0.75,0.8,0.45,1,0,0,0,4.5,1.4,0.139626340159546
96.5999999046326,888.140341486778,1000,0.3553,1,0.75,0.8,0.45,1,0,0,0,4.5,1.4,0.139626340159546
96.7999999523163,885.741594454212,1000,0.3584,1,0.75,0.8,0.45,1,0,0,0,4.5,1.4,0.139626340159546
97,891.402691040224,1000,0.3475,1,0.75,0.8,0.45,1,0,0,0,4.5,1.4,0.139626340159546
97.2000000476837,890.02967470814,1000,0.3393,1,0.75,0.8,0.45,1,0,0,0,4.5,1.4,0.139626340159546
97.4000000953674,880.25745147913,1000,0.3536,1,0.75,0.8,0.45,1,0,0,0,4.5,1.4,0.139626340159546
97.5999999046326,898.498000985022,1000,0.3495,1,0.75,0.8,0.45,1,0,0,0,4.5,1.4,0.139626340159546
97.7999999523163,881.983839656971,1000,0.3402,1,0.75,0.8,0.45,1,0,0,0,4.5,1.4,0.139626340159546
98,876.290881238802,1000,0.7059,1,0.75,0.8,0.45,1,0,0,0,4.5,1.4,0.139626340159546
98.2000000476837,884.832068281221,1000,0.3973,1,0.75,0.8,0.45,1,0,0,0,4.5,1.4,0.139626340159546
98.4000000953674,873.495081236767,1000,0.4066,1,0.75,0.8,0.45,1,0,0,0,4.5,1.4,0.139626340159546
98.5999999046326,875.817398618109,1000,0.4445,1,0.75,0.8,0.45,1,0,0,0,4.5,1.4,0.139626340159546
98.7999999523163,874.553813819905,1000,0.5765,1,0.75,0.8,0.45,1,0,0,0,4.5,1.4,0.139626340159546
99,870.937376896216,1000,0.4763,1,0.75,0.8,0.45,1,0,0,0,4.5,1.4,0.139626340159546
99.2000000476837,885.774450191241,1000,0.4652,1,0.75,0.8,0.45,1,0,0,0,4.5,1.4,0.139626340159546
99.4000000953674,882.086736891693,1000,0.3931,1,0.75,0.8,0.45,1,0,0,0,4.5,1.4,0.139626340159546
99.5999999046326,876.492777453034,1000,0.5058,1,0.75,0.8,0.45,1,0,0,0,4.5,1.4,0.139626340159546
99.7999999523163,885.233641844775,1000,0.3805,1,0.75,0.8,0.45,1,0,0,0,4.5,1.4,0.139626340159546
100,876.88915579535,1000,0.4647,1,0.75,0.8,0.45,1,0,0,0,4.5,1.4,0.139626340159546
100.200000047684,986.521701347192,1000,0.3786,1,0,0.8,0.45,1,0,0,0,4.5,1.4,0.139626340159546
100.400000095367,830.133553835687,1000,0.5217,1,0.75,0.8,0.45,1,0,0,0,4.5,1.4,0.139626340159546
100.599999904633,854.206381221002,1000,0.5208,1,0.75,0.8,0.45,1,0,0,0,4.5,1.4,0.139626340159546
100.799999952316,863.643659747857,1000,0.7329,1,0.75,0.8,0.45,1,0,0,0,4.5,1.4,0.139626340159546
101,872.755387710842,1000,0.4277,1,0.75,0.8,0.45,1,0,0,0,4.5,1.4,0.139626340159546
101.200000047684,980.834394868229,1000,0.4352,1,0,0.8,0.45,1,0,0,0,4.5,1.4,0.139626340159546
101.400000095367,976.96460880639,1000,0.367,1,0,0.8,0.45,1,0,0,0,4.5,1.4,0.139626340159546
101.599999904633,763.715813832529,1000,0.3743,1,0.75,0.8,0.45,1,0,0,0,4.5,1.4,0.139626340159546
101.799999952316,848.137138449013,1000,0.4007,1,0.75,0.8,0.45,1,0,0,0,4.5,1.4,0.139626340159546
102,862.154512894266,1000,0.4439,1,0.75,0.8,0.45,1,0,0,0,4.5,1.4,0.139626340159546
102.200000047684,856.299715254188,1000,0.3567,1,0.75,0.8,0.45,1,0,0,0,4.5,1.4,0.139626340159546
102.400000095367,867.606067305334,1000,0.3675,1,0.75,0.8,0.45,1,0,0,0,4.5,1.4,0.139626340159546
102.599999904633,857.231567946984,1000,0.3539,1,0.75,0.8,0.45,1,0,0,0,4.5,1.4,0.139626340159546
102.799999952316,865.142540906185,1000,0.3538,1,0.75,0.8,0.45,1,0,0,0,4.5,1.4,0.139626340159546
103,879.052854699375,1000,0.3497,1,0.75,0.8,0.45,1,0,0,0,4.5,1.4,0.139626340159546
103.200000047684,855.963554180746,1000,0.3579,1,0.75,0.8,0.45,1,0,0,0,4.5,1.4,0.139626340159546
103.400000095367,885.259207244944,1000,0.3643,1,0.75,0.8,0.45,1,0,0,0,4.5,1.4,0.139626340159546
103.599999904633,881.868322333891,1000,0.3434,1,0.75,0.8,0.45,1,0,0,0,4.5,1.4,0.139626340159546
103.799999952316,877.795306353679,1000,0.5841,1,0.75,0.8,0.45,1,0,0,0,4.5,1.4,0.139626340159546
104,877.0000141759,1000,0.6715,1,0.75,0.8,0.45,1,0,0,0,4.5,1.4,0.139626340159546
104.200000047684,871.254942148162,1000,0.429,1,0.75,0.8,0.45,1,0,0,0,4.5,1.4,0.139626340159546
104.400000095367,888.816620660154,1000,0.3799,1,0.75,0.8,0.45,1,0,0,0,4.5,1.4,0.139626340159546
104.599999904633,884.818521952005,1000,0.4557,1,0.75,0.8,0.45,1,0,0,0,4.5,1.4,0.139626340159546
104.799999952316,880.186486941608,1000,0.4031,1,0.75,0.8,0.45,1,0,0,0,4.5,1.4,0.139626340159546
105,882.55498147746,1000,0.3676,1,0.75,0.8,0.45,1,0,0,0,4.5,1.4,0.139626340159546
105.200000047684,887.620937624161,1000,0.3742,1,0.75,0.8,0.45,1,0,0,0,4.5,1.4,0.139626340159546
105.400000095367,894.878149130071,1000,0.406,1,0.75,0.8,0.45,1,0,0,0,4.5,1.4,0.139626340159546
105.599999904633,873.045146737613,1000,0.4229,1,0.75,0.8,0.45,1,0,0,0,4.5,1.4,0.139626340159546
105.799999952316,880.547829012938,1000,0.3947,1,0.75,0.8,0.45,1,0,0,0,4.5,1.4,0.139626340159546
106,882.644151128248,1000,0.5153,1,0.75,0.8,0.45,1,0,0,0,4.5,1.4,0.139626340159546
106.200000047684,882.634381811661,1000,0.3976,1,0.75,0.8,0.45,1,0,0,0,4.5,1.4,0.139626340159546
106.400000095367,889.597830983231,1000,0.3716,1,0.75,0.8,0.45,1,0,0,0,4.5,1.4,0.139626340159546
106.599999904633,887.908046368875,1000,0.3591,1,0.75,0.8,0.45,1,0,0,0,4.5,1.4,0.139626340159546
106.799999952316,994.569920138969,1000,0.357,1,0,0.8,0.45,1,0,0,0,4.5,1.4,0.139626340159546
107,842.700357400051,1000,0.4539,1,0.75,0.8,0.45,1,0,0,0,4.5,1.4,0.139626340159546
107.200000047684,868.076727129339,1000,0.3794,1,0.75,0.8,0.45,1,0,0,0,4.5,1.4,0.139626340159546
107.400000095367,880.619503604253,1000,0.387,1,0.75,0.8,0.45,1,0,0,0,4.5,1.4,0.139626340159546
107.599999904633,893.607135475502,1000,0.353,1,0.75,0.8,0.45,1,0,0,0,4.5,1.4,0.139626340159546
107.799999952316,890.993278208257,1000,0.3557,1,0.75,0.8,0.45,1,0,0,0,4.5,1.4,0.139626340159546
108,878.978117754044,1000,0.5246,1,0.75,0.8,0.45,1,0,0,0,4.5,1.4,0.139626340159546
108.200000047684,886.444034174368,1000,0.3793,1,0.75,0.8,0.45,1,0,0,0,4.5,1.4,0.139626340159546
108.400000095367,884.836923069437,1000,0.3658,1,0.75,0.8,0.45,1,0,0,0,4.5,1.4,0.139626340159546
108.599999904633,892.975565103414,1000,0.3548,1,0.75,0.8,0.45,1,0,0,0,4.5,1.4,0.139626340159546
108.799999952316,885.6905373943,1000,0.3405,1,0.75,0.8,0.45,1,0,0,0,4.5,1.4,0.139626340159546
109,885.082462266718,1000,0.3949,1,0.75,0.8,0.45,1,0,0,0,4.5,1.4,0.139626340159546
109.200000047684,884.655856890613,1000,0.347,1,0.75,0.8,0.45,1,0,0,0,4.5,1.4,0.139626340159546
109.400000095367,884.58866992976,1000,0.3466,1,0.75,0.8,0.45,1,0,0,0,4.5,1.4,0.139626340159546
109.599999904633,888.674517155937,1000,0.344,1,0.75,0.8,0.45,1,0,0,0,4.5,1.4,0.139626340159546
109.799999952316,888.735866213104,1000,0.3419,1,0.75,0.8,0.45,1,0,0,0,4.5,1.4,0.139626340159546
110,886.721547396218,1000,0.6089,1,0.75,0.8,0.45,1,0,0,0,4.5,1.4,0.139626340159546
110.200000047684,886.376423619838,1000,0.4342,1,0.75,0.8,0.45,1,0,0,0,4.5,1.4,0.139626340159546
110.400000095367,889.974731857891,1000,0.3854,1,0.75,0.8,0.45,1,0,0,0,4.5,1.4,0.139626340159546
110.599999904633,878.501726206519,1000,0.385,1,0.75,0.8,0.45,1,0,0,0,4.5,1.4,0.139626340159546
110.799999952316,877.757919505647,1000,0.4453,1,0.75,0.8,0.45,1,0,0,0,4.5,1.4,0.139626340159546
111,881.27249431288,1000,0.393,1,0.75,0.8,0.45,1,0,0,0,4.5,1.4,0.139626340159546
111.200000047684,871.886548078829,1000,0.3674,1,0.75,0.8,0.45,1,0,0,0,4.5,1.4,0.139626340159546
111.400000095367,874.362969098638,1000,0.3695,1,0.75,0.8,0.45,1,0,0,0,4.5,1.4,0.139626340159546
111.599999904633,878.193841997587,1000,0.3547,1,0.75,0.8,0.45,1,0,0,0,4.5,1.4,0.139626340159546
111.799999952316,876.438334617913,1000,0.3608,1,0.75,0.8,0.45,1,0,0,0,4.5,1.4,0.139626340159546
112,875.953696577407,1000,0.4236,1,0.75,0.8,0.45,1,0,0,0,4.5,1.4,0.139626340159546
112.200000047684,889.653420164292,1000,0.3783,1,0.75,0.8,0.45,1,0,0,0,4.5,1.4,0.139626340159546
112.400000095367,884.831623939613,1000,0.3699,1,0.75,0.8,0.45,1,0,0,0,4.5,1.4,0.139626340159546
112.599999904633,895.035240931546,1000,0.3494,1,0.75,0.8,0.45,1,0,0,0,4.5,1.4,0.139626340159546
112.799999952316,888.545052829902,1000,0.3467,1,0.75,0.8,0.45,1,0,0,0,4.5,1.4,0.139626340159546
113,888.351243191535,1000,0.4026,1,0.75,0.8,0.45,1,0,0,0,4.5,1.4,0.139626340159546
113.200000047684,882.516754345669,1000,0.3718,1,0.75,0.8,0.45,1,0,0,0,4.5,1.4,0.139626340159546
113.400000095367,892.258918753794,1000,0.3461,1,0.75,0.8,0.45,1,0,0,0,4.5,1.4,0.139626340159546
113.599999904633,886.932663389918,1000,0.3449,1,0.75,0.8,0.45,1,0,0,0,4.5,1.4,0.139626340159546
113.799999952316,880.679854236285,1000,0.3549,1,0.75,0.8,0.45,1,0,0,0,4.5,1.4,0.139626340159546
114,881.788326973936,1000,0.4448,1,0.75,0.8,0.45,1,0,0,0,4.5,1.4,0.139626340159546
114.200000047684,879.579289627739,1000,0.3899,1,0.75,0.8,0.45,1,0,0,0,4.5,1.4,0.139626340159546
114.400000095367,888.0158220125,1000,0.655,1,0.75,0.8,0.45,1,0,0,0,4.5,1.4,0.139626340159546
114.599999904633,891.271046514622,1000,0.4036,1,0.75,0.8,0.45,1,0,0,0,4.5,1.4,0.139626340159546
114.799999952316,880.226779756116,1000,0.3704,1,0.75,0.8,0.45,1,0,0,0,4.5,1.4,0.139626340159546
115,875.176172570352,1000,0.6849,1,0.75,0.8,0.45,1,0,0,0,4.5,1.4,0.139626340159546
115.200000047684,875.040495193007,1000,0.829,1,0.75,0.8,0.45,1,0,0,0,4.5,1.4,0.139626340159546
115.400000095367,884.361901412875,1000,0.8913,1,0.75,0.8,0.45,1,0,0,0,4.5,1.4,0.139626340159546
115.599999904633,879.23000068305,1000,0.8565,1,0.75,0.8,0.45,1,0,0,0,4.5,1.4,0.139626340159546
115.799999952316,880.077952214667,1000,0.8687,1,0.75,0.8,0.45,1,0,0,0,4.5,1.4,0.139626340159546
116,893.123714585329,1000,0.5743,1,0.75,0.8,0.45,1,0,0,0,4.5,1.4,0.139626340159546
116.200000047684,890.382430706315,1000,0.3752,1,0.75,0.8,0.45,1,0,0,0,4.5,1.4,0.139626340159546
116.400000095367,880.484452903021,1000,0.3742,1,0.75,0.8,0.45,1,0,0,0,4.5,1.4,0.139626340159546
116.599999904633,883.027297845053,1000,0.3675,1,0.75,0.8,0.45,1,0,0,0,4.5,1.4,0.139626340159546
116.799999952316,882.244996289127,1000,0.3462,1,0.75,0.8,0.45,1,0,0,0,4.5,1.4,0.139626340159546
117,878.954091782836,1000,0.3419,1,0.75,0.8,0.45,1,0,0,0,4.5,1.4,0.139626340159546
117.200000047684,888.628435895055,1000,0.3328,1,0.75,0.8,0.45,1,0,0,0,4.5,1.4,0.139626340159546
117.400000095367,885.053053139138,1000,0.3586,1,0.75,0.8,0.45,1,0,0,0,4.5,1.4,0.139626340159546
117.599999904633,893.469980608056,1000,0.3427,1,0.75,0.8,0.45,1,0,0,0,4.5,1.4,0.139626340159546
117.799999952316,890.767358628667,1000,0.3484,1,0.75,0.8,0.45,1,0,0,0,4.5,1.4,0.139626340159546
118,879.506370374433,1000,0.4604,1,0.75,0.8,0.45,1,0,0,0,4.5,1.4,0.139626340159546
118.200000047684,878.783372239726,1000,0.3688,1,0.75,0.8,0.45,1,0,0,0,4.5,1.4,0.139626340159546
118.400000095367,882.985923234015,1000,0.3913,1,0.75,0.8,0.45,1,0,0,0,4.5,1.4,0.139626340159546
118.599999904633,895.230970865748,1000,0.3617,1,0.75,0.8,0.45,1,0,0,0,4.5,1.4,0.139626340159546
118.799999952316,892.893173286213,1000,0.3562,1,0.75,0.8,0.45,1,0,0,0,4.5,1.4,0.139626340159546
119,883.070317121993,1000,0.3486,1,0.75,0.8,0.45,1,0,0,0,4.5,1.4,0.139626340159546
119.200000047684,890.400907202555,1000,0.3437,1,0.75,0.8,0.45,1,0,0,0,4.5,1.4,0.139626340159546
119.400000095367,894.776994254887,1000,0.3479,1,0.75,0.8,0.45,1,0,0,0,4.5,1.4,0.139626340159546
119.599999904633,889.818211343222,1000,0.347,1,0.75,0.8,0.45,1,0,0,0,4.5,1.4,0.139626340159546
119.799999952316,888.950630590069,1000,0.3479,1,0.75,0.8,0.45,1,0,0,0,4.5,1.4,0.139626340159546
120,872.472484211881,1000,0.6097,1,0.75,0.8,0.45,1,0,0,0,4.5,1.4,0.139626340159546
120.200000047684,888.171162083552,1000,0.565,1,0.75,0.8,0.45,1,0,0,0,4.5,1.4,0.139626340159546
120.400000095367,895.288252101302,1000,0.412,1,0.75,0.8,0.45,1,0,0,0,4.5,1.4,0.139626340159546
120.599999904633,896.853933148034,1000,0.3707,1,0.75,0.8,0.45,1,0,0,0,4.5,1.4,0.139626340159546
120.799999952316,889.777830312257,1000,0.3577,1,0.75,0.8,0.45,1,0,0,0,4.5,1.4,0.139626340159546
121,890.400494763442,1000,0.4,1,0.75,0.8,0.45,1,0,0,0,4.5,1.4,0.139626340159546
121.200000047684,883.191380315297,1000,0.3828,1,0.75,0.8,0.45,1,0,0,0,4.5,1.4,0.139626340159546
121.400000095367,885.589520458809,1000,0.3885,1,0.75,0.8,0.45,1,0,0,0,4.5,1.4,0.139626340159546
121.599999904633,890.618840204753,1000,0.3953,1,0.75,0.8,0.45,1,0,0,0,4.5,1.4,0.139626340159546
121.799999952316,890.355503457766,1000,0.4031,1,0.75,0.8,0.45,1,0,0,0,4.5,1.4,0.139626340159546
122,887.80582614707,1000,0.594,1,0.75,0.8,0.45,1,0,0,0,4.5,1.4,0.139626340159546
122.200000047684,886.198587185305,1000,0.5546,1,0.75,0.8,0.45,1,0,0,0,4.5,1.4,0.139626340159546
122.400000095367,888.123540585711,1000,0.4056,1,0.75,0.8,0.45,1,0,0,0,4.5,1.4,0.139626340159546
122.599999904633,889.381060554733,1000,0.4156,1,0.75,0.8,0.45,1,0,0,0,4.5,1.4,0.139626340159546
122.799999952316,890.914049116407,1000,0.5356,1,0.75,0.8,0.45,1,0,0,0,4.5,1.4,0.139626340159546
123,896.436006061993,1000,0.476,1,0.75,0.8,0.45,1,0,0,0,4.5,1.4,0.139626340159546
123.200000047684,897.017073606814,1000,0.4365,1,0.75,0.8,0.45,1,0,0,0,4.5,1.4,0.139626340159546
123.400000095367,892.663281307545,1000,0.4335,1,0.75,0.8,0.45,1,0,0,0,4.5,1.4,0.139626340159546
123.599999904633,887.939201686074,1000,0.4746,1,0.75,0.8,0.45,1,0,0,0,4.5,1.4,0.139626340159546
123.799999952316,890.51770987919,1000,0.4265,1,0.75,0.8,0.45,1,0,0,0,4.5,1.4,0.139626340159546
124,884.115509279548,1000,0.5403,1,0.75,0.8,0.45,1,0,0,0,4.5,1.4,0.139626340159546
124.200000047684,880.880442188131,1000,0.4236,1,0.75,0.8,0.45,1,0,0,0,4.5,1.4,0.139626340159546
124.400000095367,887.586638033617,1000,0.4249,1,0.75,0.8,0.45,1,0,0,0,4.5,1.4,0.139626340159546
124.599999904633,886.024884094314,1000,0.374,1,0.75,0.8,0.45,1,0,0,0,4.5,1.4,0.139626340159546
124.799999952316,881.957065222748,1000,0.3646,1,0.75,0.8,0.45,1,0,0,0,4.5,1.4,0.139626340159546
125,885.736203879461,1000,0.3602,1,0.75,0.8,0.45,1,0,0,0,4.5,1.4,0.139626340159546
125.200000047684,889.984945412292,1000,0.3437,1,0.75,0.8,0.45,1,0,0,0,4.5,1.4,0.139626340159546
125.400000095367,878.891297057156,1000,0.3429,1,0.75,0.8,0.45,1,0,0,0,4.5,1.4,0.139626340159546
125.599999904633,895.902745487541,1000,0.341,1,0.75,0.8,0.45,1,0,0,0,4.5,1.4,0.139626340159546
125.799999952316,891.323620500029,1000,0.346,1,0.75,0.8,0.45,1,0,0,0,4.5,1.4,0.139626340159546
126,889.384169541163,1000,0.4344,1,0.75,0.8,0.45,1,0,0,0,4.5,1.4,0.139626340159546
126.200000047684,895.327205768456,1000,0.3825,1,0.75,0.8,0.45,1,0,0,0,4.5,1.4,0.139626340159546
126.400000095367,887.321763422267,1000,0.3418,1,0.75,0.8,0.45,1,0,0,0,4.5,1.4,0.139626340159546
126.599999904633,890.444619079415,1000,0.3711,1,0.75,0.8,0.45,1,0,0,0,4.5,1.4,0.139626340159546
126.799999952316,890.968762423814,1000,0.351,1,0.75,0.8,0.45,1,0,0,0,4.5,1.4,0.139626340159546
127,885.95936854408,1000,0.3452,1,0.75,0.8,0.45,1,0,0,0,4.5,1.4,0.139626340159546
127.200000047684,887.979747932366,1000,0.3482,1,0.75,0.8,0.45,1,0,0,0,4.5,1.4,0.139626340159546
127.400000095367,885.5279929163,1000,0.3485,1,0.75,0.8,0.45,1,0,0,0,4.5,1.4,0.139626340159546
127.599999904633,882.939716761223,1000,0.3253,1,0.75,0.8,0.45,1,0,0,0,4.5,1.4,0.139626340159546
127.799999952316,887.338447293662,1000,0.3408,1,0.75,0.8,0.45,1,0,0,0,4.5,1.4,0.139626340159546
128,886.718542267846,1000,0.4392,1,0.75,0.8,0.45,1,0,0,0,4.5,1.4,0.139626340159546
128.200000047684,885.293160101541,1000,0.3501,1,0.75,0.8,0.45,1,0,0,0,4.5,1.4,0.139626340159546
128.400000095367,885.014774351757,1000,0.3753,1,0.75,0.8,0.45,1,0,0,0,4.5,1.4,0.139626340159546
128.599999904633,892.762527311131,1000,0.3676,1,0.75,0.8,0.45,1,0,0,0,4.5,1.4,0.139626340159546
128.799999952316,888.168064904001,1000,0.3496,1,0.75,0.8,0.45,1,0,0,0,4.5,1.4,0.139626340159546
129,874.038074912997,1000,0.3478,1,0.75,0.8,0.45,1,0,0,0,4.5,1.4,0.139626340159546
129.200000047684,888.305306655807,1000,0.3428,1,0.75,0.8,0.45,1,0,0,0,4.5,1.4,0.139626340159546
129.400000095367,889.037201866417,1000,0.3431,1,0.75,0.8,0.45,1,0,0,0,4.5,1.4,0.139626340159546
129.599999904633,894.944580352406,1000,0.3458,1,0.75,0.8,0.45,1,0,0,0,4.5,1.4,0.139626340159546
129.799999952316,887.214726410326,1000,0.3584,1,0.75,0.8,0.45,1,0,0,0,4.5,1.4,0.139626340159546
130,888.956199660796,1000,0.4531,1,0.75,0.8,0.45,1,0,0,0,4.5,1.4,0.139626340159546
130.200000047684,885.368555711807,1000,0.375,1,0.75,0.8,0.45,1,0,0,0,4.5,1.4,0.139626340159546
130.400000095367,891.025850397144,1000,0.3511,1,0.75,0.8,0.45,1,0,0,0,4.5,1.4,0.139626340159546
130.599999904633,890.845543789441,1000,0.3487,1,0.75,0.8,0.45,1,0,0,0,4.5,1.4,0.139626340159546
130.799999952316,890.710849664417,1000,0.4465,1,0.75,0.8,0.45,1,0,0,0,4.5,1.4,0.139626340159546
131,888.203658571971,1000,0.3952,1,0.75,0.8,0.45,1,0,0,0,4.5,1.4,0.139626340159546
131.200000047684,887.901425361326,1000,0.3645,1,0.75,0.8,0.45,1,0,0,0,4.5,1.4,0.139626340159546
131.400000095367,889.098702377048,1000,0.3307,1,0.75,0.8,0.45,1,0,0,0,4.5,1.4,0.139626340159546
131.599999904633,886.007661786614,1000,0.3682,1,0.75,0.8,0.45,1,0,0,0,4.5,1.4,0.139626340159546
131.799999952316,886.200685425,1000,0.3627,1,0.75,0.8,0.45,1,0,0,0,4.5,1.4,0.139626340159546
132,891.348857403609,1000,0.566,1,0.75,0.8,0.45,1,0,0,0,4.5,1.4,0.139626340159546
132.200000047684,890.40922501496,1000,0.4002,1,0.75,0.8,0.45,1,0,0,0,4.5,1.4,0.139626340159546
132.400000095367,886.270266953623,1000,0.4716,1,0.75,0.8,0.45,1,0,0,0,4.5,1.4,0.139626340159546
132.599999904633,888.627924385576,1000,0.8134,1,0.75,0.8,0.45,1,0,0,0,4.5,1.4,0.139626340159546
132.799999952316,888.705709965537,1000,0.7767,1,0.75,0.8,0.45,1,0,0,0,4.5,1.4,0.139626340159546
133,885.074746073186,1000,0.9208,1,0.75,0.8,0.45,1,0,0,0,4.5,1.4,0.139626340159546
133.200000047684,888.581584214486,1000,0.8948,1,0.75,0.8,0.45,1,0,0,0,4.5,1.4,0.139626340159546
133.400000095367,888.297757524885,1000,0.4061,1,0.75,0.8,0.45,1,0,0,0,4.5,1.4,0.139626340159546
133.599999904633,889.502978642102,1000,0.3733,1,0.75,0.8,0.45,1,0,0,0,4.5,1.4,0.139626340159546
133.799999952316,894.027185599675,1000,0.3428,1,0.75,0.8,0.45,1,0,0,0,4.5,1.4,0.139626340159546
134,881.974423369878,1000,0.4387,1,0.75,0.8,0.45,1,0,0,0,4.5,1.4,0.139626340159546
134.200000047684,882.915510768868,1000,0.3909,1,0.75,0.8,0.45,1,0,0,0,4.5,1.4,0.139626340159546
134.400000095367,888.585001172781,1000,0.3475,1,0.75,0.8,0.45,1,0,0,0,4.5,1.4,0.139626340159546
134.599999904633,891.518750505975,1000,0.3368,1,0.75,0.8,0.45,1,0,0,0,4.5,1.4,0.139626340159546
134.799999952316,888.801592335151,1000,0.36,1,0.75,0.8,0.45,1,0,0,0,4.5,1.4,0.139626340159546
135,887.434689495733,1000,0.3558,1,0.75,0.8,0.45,1,0,0,0,4.5,1.4,0.139626340159546
135.200000047684,887.620333386155,1000,0.4633,1,0.75,0.8,0.45,1,0,0,0,4.5,1.4,0.139626340159546
135.400000095367,891.136596540797,1000,0.4178,1,0.75,0.8,0.45,1,0,0,0,4.5,1.4,0.139626340159546
135.599999904633,886.095723213813,1000,0.3883,1,0.75,0.8,0.45,1,0,0,0,4.5,1.4,0.139626340159546
135.799999952316,892.160471831824,1000,0.3907,1,0.75,0.8,0.45,1,0,0,0,4.5,1.4,0.139626340159546
136,881.970012880565,1000,0.4137,1,0.75,0.8,0.45,1,0,0,0,4.5,1.4,0.139626340159546
136.200000047684,889.911958046079,1000,0.4505,1,0.75,0.8,0.45,1,0,0,0,4.5,1.4,0.139626340159546
136.400000095367,889.196608126486,1000,0.35,1,0.75,0.8,0.45,1,0,0,0,4.5,1.4,0.139626340159546
136.599999904633,888.563728964552,1000,0.3461,1,0.75,0.8,0.45,1,0,0,0,4.5,1.4,0.139626340159546
136.799999952316,889.261988376985,1000,0.3411,1,0.75,0.8,0.45,1,0,0,0,4.5,1.4,0.139626340159546
137,884.04718195647,1000,0.3344,1,0.75,0.8,0.45,1,0,0,0,4.5,1.4,0.139626340159546
137.200000047684,892.871020870088,1000,0.3396,1,0.75,0.8,0.45,1,0,0,0,4.5,1.4,0.139626340159546
137.400000095367,893.978304680231,1000,0.3501,1,0.75,0.8,0.45,1,0,0,0,4.5,1.4,0.139626340159546
137.599999904633,896.792813105714,1000,0.3424,1,0.75,0.8,0.45,1,0,0,0,4.5,1.4,0.139626340159546
137.799999952316,882.453064652608,1000,0.343,1,0.75,0.8,0.45,1,0,0,0,4.5,1.4,0.139626340159546
138,880.459540402632,1000,0.5651,1,0.75,0.8,0.45,1,0,0,0,4.5,1.4,0.139626340159546
138.200000047684,884.589734132059,1000,0.3793,1,0.75,0.8,0.45,1,0,0,0,4.5,1.4,0.139626340159546
138.400000095367,884.152506864332,1000,0.3854,1,0.75,0.8,0.45,1,0,0,0,4.5,1.4,0.139626340159546
138.599999904633,877.637300658569,1000,0.3687,1,0.75,0.8,0.45,1,0,0,0,4.5,1.4,0.139626340159546
138.799999952316,881.148366192151,1000,0.3829,1,0.75,0.8,0.45,1,0,0,0,4.5,1.4,0.139626340159546
139,879.206388959567,1000,0.4196,1,0.75,0.8,0.45,1,0,0,0,4.5,1.4,0.139626340159546
139.200000047684,896.546956459714,1000,0.7233,1,0.75,0.8,0.45,1,0,0,0,4.5,1.4,0.139626340159546
139.400000095367,885.642825904546,1000,0.5913,1,0.75,0.8,0.45,1,0,0,0,4.5,1.4,0.139626340159546
139.599999904633,885.16635258056,1000,0.4787,1,0.75,0.8,0.45,1,0,0,0,4.5,1.4,0.139626340159546
139.799999952316,894.657637453445,1000,0.4127,1,0.75,0.8,0.45,1,0,0,0,4.5,1.4,0.139626340159546
140,884.37468314494,1000,0.6605,1,0.75,0.8,0.45,1,0,0,0,4.5,1.4,0.139626340159546
140.200000047684,883.232052964963,1000,0.4455,1,0.75,0.8,0.45,1,0,0,0,4.5,1.4,0.139626340159546
140.400000095367,885.236849305985,1000,0.4161,1,0.75,0.8,0.45,1,0,0,0,4.5,1.4,0.139626340159546
140.599999904633,880.575507424223,1000,0.3913,1,0.75,0.8,0.45,1,0,0,0,4.5,1.4,0.139626340159546
140.799999952316,882.867393513676,1000,0.7864,1,0.75,0.8,0.45,1,0,0,0,4.5,1.4,0.139626340159546
141,881.172855115608,1000,0.9283,1,0.75,0.8,0.45,1,0,0,0,4.5,1.4,0.139626340159546
141.200000047684,876.13319356514,1000,0.5679,1,0.75,0.8,0.45,1,0,0,0,4.5,1.4,0.139626340159546
141.400000095367,877.867293083204,1000,0.5048,1,0.75,0.8,0.45,1,0,0,0,4.5,1.4,0.139626340159546
141.599999904633,884.79099597897,1000,0.3922,1,0.75,0.8,0.45,1,0,0,0,4.5,1.4,0.139626340159546
141.799999952316,882.33660858372,1000,0.5152,1,0.75,0.8,0.45,1,0,0,0,4.5,1.4,0.139626340159546
142,890.689414283143,1000,0.4733,1,0.75,0.8,0.45,1,0,0,0,4.5,1.4,0.139626340159546
142.200000047684,879.89804372515,1000,0.3828,1,0.75,0.8,0.45,1,0,0,0,4.5,1.4,0.139626340159546
142.400000095367,882.381764891014,1000,0.3708,1,0.75,0.8,0.45,1,0,0,0,4.5,1.4,0.139626340159546
142.599999904633,874.319220267202,1000,0.3664,1,0.75,0.8,0.45,1,0,0,0,4.5,1.4,0.139626340159546
142.799999952316,873.481883006426,1000,0.3754,1,0.75,0.8,0.45,1,0,0,0,4.5,1.4,0.139626340159546
143,879.62702600034,1000,0.4362,1,0.75,0.8,0.45,1,0,0,0,4.5,1.4,0.139626340159546
143.200000047684,882.657589347849,1000,0.7088,1,0.75,0.8,0.45,1,0,0,0,4.5,1.4,0.139626340159546
143.400000095367,888.744672478447,1000,0.6661,1,0.75,0.8,0.45,1,0,0,0,4.5,1.4,0.139626340159546
143.599999904633,886.55667913949,1000,0.7092,1,0.75,0.8,0.45,1,0,0,0,4.5,1.4,0.139626340159546
143.799999952316,896.68494132507,1000,0.688,1,0.75,0.8,0.45,1,0,0,0,4.5,1.4,0.139626340159546
144,889.066645835628,1000,0.4517,1,0.75,0.8,0.45,1,0,0,0,4.5,1.4,0.139626340159546
144.200000047684,879.116104010028,1000,0.374,1,0.75,0.8,0.45,1,0,0,0,4.5,1.4,0.139626340159546
144.400000095367,881.874609683642,1000,0.3699,1,0.75,0.8,0.45,1,0,0,0,4.5,1.4,0.139626340159546
144.599999904633,897.518702435075,1000,0.3457,1,0.75,0.8,0.45,1,0,0,0,4.5,1.4,0.139626340159546
144.799999952316,882.712327139233,1000,0.3593,1,0.75,0.8,0.45,1,0,0,0,4.5,1.4,0.139626340159546
145,883.050552938878,1000,0.3925,1,0.75,0.8,0.45,1,0,0,0,4.5,1.4,0.139626340159546
145.200000047684,883.53569788969,1000,0.3684,1,0.75,0.8,0.45,1,0,0,0,4.5,1.4,0.139626340159546
145.400000095367,879.870435972513,1000,0.342,1,0.75,0.8,0.45,1,0,0,0,4.5,1.4,0.139626340159546
145.599999904633,993.530474213679,1000,0.3448,1,0,0.8,0.45,1,0,0,0,4.5,1.4,0.139626340159546
145.799999952316,833.518045793598,1000,0.3419,1,0.75,0.8,0.45,1,0,0,0,4.5,1.4,0.139626340159546
146,869.895734726374,1000,0.4143,1,0.75,0.8,0.45,1,0,0,0,4.5,1.4,0.139626340159546
146.200000047684,859.867298549769,1000,0.3764,1,0.75,0.8,0.45,1,0,0,0,4.5,1.4,0.139626340159546
146.400000095367,877.323888274073,1000,0.3741,1,0.75,0.8,0.45,1,0,0,0,4.5,1.4,0.139626340159546
146.599999904633,886.005824596366,1000,0.356,1,0.75,0.8,0.45,1,0,0,0,4.5,1.4,0.139626340159546
146.799999952316,887.041589067865,1000,0.3452,1,0.75,0.8,0.45,1,0,0,0,4.5,1.4,0.139626340159546
147,890.633412602923,1000,0.3716,1,0.75,0.8,0.45,1,0,0,0,4.5,1.4,0.139626340159546
147.200000047684,889.649166467278,1000,0.3598,1,0.75,0.8,0.45,1,0,0,0,4.5,1.4,0.139626340159546
147.400000095367,885.335968104863,1000,0.3361,1,0.75,0.8,0.45,1,0,0,0,4.5,1.4,0.139626340159546
147.599999904633,888.283959758677,1000,0.3449,1,0.75,0.8,0.45,1,0,0,0,4.5,1.4,0.139626340159546
147.799999952316,883.112255745722,1000,0.3546,1,0.75,0.8,0.45,1,0,0,0,4.5,1.4,0.139626340159546
148,892.240856238559,1000,0.4176,1,0.75,0.8,0.45,1,0,0,0,4.5,1.4,0.139626340159546
148.200000047684,889.973521601169,1000,0.3809,1,0.75,0.8,0.45,1,0,0,0,4.5,1.4,0.139626340159546
148.400000095367,884.487877210701,1000,0.3519,1,0.75,0.8,0.45,1,0,0,0,4.5,1.4,0.139626340159546
148.599999904633,884.547273970148,1000,0.353,1,0.75,0.8,0.45,1,0,0,0,4.5,1.4,0.139626340159546
148.799999952316,889.584255808601,1000,0.5669,1,0.75,0.8,0.45,1,0,0,0,4.5,1.4,0.139626340159546
149,890.42757679019,1000,0.7624,1,0.75,0.8,0.45,1,0,0,0,4.5,1.4,0.139626340159546
149.200000047684,885.923927252667,1000,0.586,1,0.75,0.8,0.45,1,0,0,0,4.5,1.4,0.139626340159546
149.400000095367,898.339633246587,1000,0.7181,1,0.75,0.8,0.45,1,0,0,0,4.5,1.4,0.139626340159546
149.599999904633,884.604757986183,1000,0.673,1,0.75,0.8,0.45,1,0,0,0,4.5,1.4,0.139626340159546
149.799999952316,893.311251986121,1000,0.7153,1,0.75,0.8,0.45,1,0,0,0,4.5,1.4,0.139626340159546
