source_path,target_path,disposition,notes
src/orchestration/+landing2d/+config/primaryConfig.m,python/ontology_rgat/direct_policy/contracts.py,new,"active direct_ppo_v1 snapshot"
src/orchestration/+landing2d/+config/defaultPlanarVisibilityConfig.m,python/ontology_rgat/direct_policy/contracts.py,new,"reward/termination/scenario specs"
src/simulations/+landing2d/+observation/vectorSchema.m,python/ontology_rgat/direct_policy/contracts.py,new,"fixed 12D schema"
src/simulations/+landing2d/+observation/toVector.m,python/ontology_rgat/direct_policy/observation.py,new,"signed/age scaling"
src/simulations/+landing2d/+observation/estimatePadPose.m,python/ontology_rgat/direct_policy/observation.py,new-with-known-numeric-difference,"OpenCV PnP; golden parity pending"
src/simulations/+landing2d/+observation/updateUgvEstimate.m,python/ontology_rgat/direct_policy/observation.py,new,"CV Kalman and Joseph update"
src/algorithms/+landing2d/+graphstate/contextSchema.m,python/ontology_rgat/direct_policy/contracts.py,new,"7 nodes/4 relations/16 edges"
src/algorithms/+landing2d/+graphstate/observationGraph.m,python/ontology_rgat/direct_policy/graph.py,new,"deterministic graph from registered observation"
src/algorithms/+landing2d/+rgat/relationForward.m,python/ontology_rgat/direct_policy/models.py,new,"incoming softmax and relation projections"
src/algorithms/+landing2d/+graphstate/encoderInit.m,python/ontology_rgat/direct_policy/models.py,new,"single layer/local skip/grouped readout"
src/algorithms/+landing2d/+rl/agentInit.m,python/ontology_rgat/direct_policy/models.py,new,"separate actor/critic encoders"
src/algorithms/+landing2d/+rl/policyAction.m,python/ontology_rgat/direct_policy/models.py,new,"latent Gaussian and tanh action"
src/algorithms/+landing2d/+rl/ppoTrain.m,python/ontology_rgat/direct_policy/ppo.py,new,"latent-coordinate PPO and GAE"
src/algorithms/+landing2d/+rl/computeReward.m,python/ontology_rgat/direct_policy/reward.py,new,"reward_v5 and 3D role-preserving extension"
src/simulations/+landing2d/+environment/evaluateTermination.m,python/ontology_rgat/direct_policy/reward.py,new,"direct contact verdict"
src/orchestration/+landing2d/+config/methodRegistry.m,python/ontology_rgat/direct_policy/runner.py,new,"ppo/onto_rgat plus opt-in shuffled ablation"
target spatial.environment.IsaacBackend,python/ontology_rgat/direct_policy/backends.py,reuse-boundary,"owned live flight composed through DirectIsaacBackend; actual 2D/3D run complete"
target ros2_gateway direct acceleration,python/ontology_rgat/direct_policy/isaac_adapter.py,reuse-boundary,"ENU to NED and NaN inactive fields"
target minimal/spatial/reference/isaac-legacy,unchanged,preserve,"no overwrite"
