window_id,end_epoch,target_epoch,hard_label,soft_fault_prob,p_fault,uncertainty
1,30,30,0,0.9901602,0.6155309,0.7688926
2,31,31,0,0.9900664,0.6163756,0.7672035
3,32,32,0,0.9969916,0.6199806,0.7599959
4,33,33,0,0.9900728,0.6176077,0.7647421
5,34,34,0,0.9901106,0.6174462,0.7650658
6,35,35,0,0.9946232,0.617964,0.7640309
7,36,36,0,0.9900727,0.6169065,0.7661463
8,37,37,0,0.9900841,0.616648,0.7666638
9,38,38,0,0.9926551,0.6173285,0.7653036
10,39,39,0,0.9900964,0.6163695,0.7672222
11,40,40,0,0.9901225,0.6163525,0.7672566
12,41,41,0,0.9927557,0.6168167,0.7663286
13,42,42,0,0.9891289,0.6155639,0.7688346
14,43,43,0,0.9891192,0.6153899,0.7691827
15,44,44,0,0.9939079,0.6168463,0.7662706
16,45,45,0,0.9891146,0.6158848,0.7681935
17,46,46,0,0.9900962,0.6163601,0.767243
18,47,47,0,0.9936877,0.6173503,0.7652623
19,48,48,0,0.9890814,0.615394,0.7691754
20,49,49,0,0.9879509,0.6148567,0.7702504
21,50,50,0,0.9933016,0.6165311,0.7669014
22,51,51,0,0.988053,0.6143946,0.7711747
23,52,52,0,0.9890927,0.6152177,0.7695284
24,53,53,0,0.9922381,0.6162544,0.7674547
25,54,54,0,0.9891592,0.6151974,0.7695688
26,55,55,0,0.3920062,0.5013716,0.9894068
27,56,56,0,0.8296097,0.5712999,0.8573334
28,57,57,0,0.5601391,0.5161247,0.9671147
29,58,58,0,0.5008557,0.5081863,0.9817792
30,59,59,0,0.7241988,0.5498724,0.9001325
31,60,60,0,0.4147616,0.5036789,0.9876917
32,61,61,0,0.391131,0.501212,0.9880903
33,62,62,0,0.9544291,0.6057587,0.7884423
34,63,63,0,0.9549924,0.6089129,0.7821348
35,64,64,0,0.5176069,0.5153999,0.9683155
36,65,65,0,0.8519031,0.5857624,0.8284238
37,66,66,0,0.5275381,0.5216943,0.9561232
38,67,67,0,0.5096696,0.5148554,0.9693131
39,68,68,0,0.5526343,0.5213994,0.9566793
40,69,69,0,0.5371835,0.5209604,0.9575707
41,70,70,0,0.5477772,0.5206181,0.9581447
42,71,71,0,0.560456,0.5235517,0.9524088
43,72,72,0,0.5493152,0.5225066,0.9545099
44,73,73,0,0.554801,0.5229799,0.9535733
45,74,74,0,0.8532841,0.5849063,0.8301371
46,75,75,0,0.5571602,0.5245126,0.9505696
47,76,76,0,0.5534638,0.5236361,0.9523212
48,77,77,0,0.8499572,0.5831863,0.8335754
49,78,78,0,0.5621582,0.5250644,0.9495057
50,79,79,0,0.5657339,0.5218821,0.9557461
51,80,80,0,0.5732318,0.5177248,0.9638522
52,81,81,0,0.4424173,0.503107,0.9870365
53,82,82,0,0.4582921,0.5037145,0.9868221
54,83,83,0,0.4708617,0.5045018,0.9860651
55,84,84,0,0.4857392,0.5054712,0.9850553
56,85,85,0,0.4906642,0.5041052,0.9867513
57,86,86,0,0.9275361,0.5928155,0.8143212
58,87,87,0,0.5132048,0.5069017,0.9834859
59,88,88,0,0.5130427,0.5056612,0.9853357
60,89,89,0,0.919023,0.593308,0.8133359
61,90,90,0,0.8118004,0.571178,0.8575762
62,91,91,0,0.8103335,0.5717847,0.8563685
63,92,92,0,0.92252,0.595519,0.8089168
64,93,93,0,0.8200649,0.5719861,0.855966
65,94,94,0,0.8210681,0.5737015,0.8525372
66,95,95,0,0.9270445,0.5983873,0.8031811
67,96,96,0,0.8254022,0.5763019,0.8473401
68,97,97,0,0.8253159,0.5742248,0.8514904
69,98,98,0,0.4754519,0.5021765,0.9886525
70,99,99,0,0.4772311,0.5030881,0.9883881
71,100,100,0,0.4855349,0.5035394,0.9878815
72,101,101,0,0.5306293,0.507257,0.9831634
73,102,102,1,0.5801882,0.5175041,0.9643302
74,103,103,1,0.5878548,0.5168472,0.9655356
75,104,104,0,0.8922954,0.5876102,0.8247273
76,105,105,0,0.8807779,0.5880145,0.8239185
77,106,106,0,0.8862888,0.5879116,0.8241246
78,107,107,0,0.4460746,0.5028986,0.9881749
79,108,108,0,0.9932812,0.6097193,0.7805193
80,109,109,0,0.9895725,0.6118229,0.7763133
81,110,110,0,0.9858865,0.6107426,0.7784738
82,111,111,0,0.9792727,0.609757,0.7804453
83,112,112,0,0.9688274,0.603888,0.792182
84,113,113,0,0.7701386,0.5673823,0.865166
85,114,114,0,0.7395838,0.5634419,0.8730445
86,115,115,0,0.7424054,0.5577145,0.8844853
87,116,116,0,0.7355272,0.5591775,0.8815625
88,117,117,0,0.5056702,0.5069606,0.9836602
89,118,118,0,0.9892052,0.6121641,0.7756312
90,119,119,0,0.990326,0.6138017,0.7723559
91,120,120,0,0.9908553,0.6157257,0.7685081
92,121,121,0,0.9906417,0.6153152,0.7693295
93,122,122,0,0.9903463,0.6140663,0.7718279
94,123,123,0,0.6519805,0.5346465,0.9305032
95,124,124,0,0.683327,0.5421895,0.9154944
96,125,125,0,0.7065651,0.5481697,0.9035636
97,126,126,0,0.7238742,0.5506397,0.8986267
98,127,127,0,0.7284983,0.5517793,0.8963515
99,128,128,0,0.733164,0.5530591,0.8938021
100,129,129,0,0.7074305,0.5442251,0.911442
101,130,130,0,0.7220012,0.5467585,0.9063852
102,131,131,0,0.7593912,0.5597397,0.8804538
103,132,132,0,0.7586926,0.5556912,0.8885446
104,133,133,0,0.7583953,0.5568455,0.8862397
105,134,134,0,0.7650502,0.5583861,0.8831585
106,135,135,0,0.760532,0.5565751,0.8867781
107,136,136,0,0.7457228,0.5518633,0.8961928
108,137,137,1,0.7546057,0.5542338,0.8914546
109,138,138,1,0.7947432,0.5669321,0.866078
110,139,139,1,0.8078874,0.569712,0.8605207
111,140,140,1,0.7215306,0.5477965,0.9043221
112,141,141,1,0.7764149,0.5605031,0.8789294
113,142,142,1,0.753739,0.5541925,0.8915407
114,143,143,1,0.8120615,0.5676062,0.8647299
115,144,144,1,0.7181994,0.5488494,0.9022102
116,145,145,1,0.9918998,0.612041,0.7758784
117,146,146,1,0.9906586,0.6142409,0.7714788
118,147,147,1,0.9903569,0.6144399,0.7710811
119,148,148,1,0.9896313,0.6130384,0.7738842
120,149,149,1,0.9896938,0.6126698,0.7746218
121,150,150,1,0.9931772,0.6150529,0.7698562
122,151,151,1,0.9937429,0.6152613,0.7694393
123,152,152,1,0.9889579,0.6136261,0.7727096
124,153,153,1,0.9888058,0.6137775,0.7724068
125,154,154,1,0.994556,0.6153657,0.7692305
126,155,155,1,0.9898211,0.6147654,0.7704314
127,156,156,1,0.9887671,0.6145981,0.7707661
128,157,157,1,0.9889466,0.6147825,0.7703974
129,158,158,1,0.9985704,0.6178154,0.7643315
130,159,159,1,0.9983848,0.6177604,0.7644413
131,160,160,1,0.998317,0.6178949,0.7641726
132,161,161,1,0.9983135,0.6178884,0.7641857
133,162,162,1,0.9893795,0.6147867,0.7703897
134,163,163,1,0.9894046,0.6149064,0.7701507
135,164,164,1,0.9895203,0.6150348,0.7698939
136,165,165,1,0.9895308,0.6146414,0.7706807
137,166,166,1,0.9897154,0.6146566,0.7706503
138,167,167,1,0.989596,0.6148399,0.7702838
139,168,168,1,0.9898482,0.6147772,0.770409
140,169,169,1,0.9899126,0.614863,0.7702376
141,170,170,1,0.9898952,0.6153972,0.7691694
142,171,171,1,0.9899225,0.615372,0.7692195
143,172,172,1,0.9898027,0.6152264,0.7695109
144,173,173,1,0.9965383,0.6172146,0.765534
145,174,174,1,0.989011,0.6148463,0.7702712
146,175,175,1,0.9899077,0.6150681,0.7698276
147,176,176,1,0.9902921,0.6152567,0.7694504
148,177,177,1,0.9904397,0.6154138,0.7691363
149,178,178,1,0.9982214,0.6182559,0.7634512
150,179,179,1,0.9908134,0.6157904,0.768383
151,180,180,1,0.9909778,0.6158645,0.7682347
152,181,181,1,0.9965309,0.6173126,0.7653381
153,182,182,1,0.9906366,0.6155012,0.7689617
154,183,183,1,0.9898113,0.61545,0.7690641
155,184,184,1,0.9888649,0.6151137,0.7697365
156,185,185,1,0.9884847,0.615212,0.7695396
157,186,186,1,0.9883426,0.6154097,0.7691442
158,187,187,1,0.9881936,0.6153625,0.7692387
159,188,188,1,0.9891401,0.6158964,0.7681708
160,189,189,1,0.987865,0.6153753,0.769213
161,190,190,1,0.9878895,0.6150038,0.7699561
162,191,191,1,0.9919482,0.6160411,0.7678812
163,192,192,1,0.9890556,0.6149852,0.7699931
164,193,193,1,0.9889643,0.6150527,0.7698582
165,194,194,1,0.9901922,0.6154639,0.7690359
166,195,195,1,0.9954865,0.6170802,0.7658029
167,196,196,1,0.9904022,0.6156315,0.7687005
168,197,197,1,0.9941553,0.6165367,0.7668903
169,198,198,1,0.9894451,0.6149718,0.7700201
170,199,199,1,0.9891446,0.6149762,0.7700115
171,200,200,1,0.9938683,0.6164308,0.7671019
172,201,201,1,0.9887809,0.6151659,0.7696322
173,202,202,1,0.9887783,0.6151531,0.7696579
174,203,203,1,0.9206015,0.6006935,0.7985734
175,204,204,1,0.4143834,0.5040329,0.9873211
176,205,205,1,0.4131958,0.5028241,0.9884184
177,206,206,1,0.956835,0.6057155,0.7885306
178,207,207,1,0.4145634,0.5032768,0.9883117
179,208,208,1,0.4117116,0.5025985,0.9885079
180,209,209,1,0.9737906,0.6064379,0.7870851
181,210,210,1,0.3999377,0.5011852,0.9878423
182,211,211,1,0.398287,0.5000649,0.9874192
183,212,212,1,0.9253082,0.5967301,0.8064963
184,213,213,1,0.3982862,0.500596,0.9884537
185,214,214,1,0.3994793,0.4990365,0.9873506
186,215,215,1,0.8406088,0.5786906,0.8425614
187,216,216,1,0.4075748,0.5011485,0.989057
188,217,217,1,1,0.6147386,0.7704827
189,218,218,1,0.9965175,0.6166323,0.7666971
190,219,219,1,0.5514649,0.5176241,0.9642068
191,220,220,1,0.5522206,0.5129297,0.9732507
192,221,221,1,0.9746268,0.6100684,0.7798242
193,222,222,1,0.5076076,0.5067825,0.9843924
194,223,223,1,0.9999998,0.6161507,0.7676596
195,224,224,1,0.6657965,0.5391097,0.9216227
196,225,225,1,0.4205744,0.5012658,0.9895359
197,226,226,1,0.4242335,0.5008519,0.9890188
198,227,227,1,0.9330111,0.6020222,0.7959123
199,228,228,1,0.4170797,0.5023148,0.9884418
200,229,229,1,0.8795617,0.5892373,0.8214785
201,230,230,1,0.5050602,0.5105336,0.977429
202,231,231,1,0.9955701,0.6094145,0.7811298
203,232,232,1,0.9954,0.6106437,0.7786715
204,233,233,0,0.9954703,0.6128939,0.7741709
205,234,234,0,0.9954206,0.6140398,0.7718803
206,235,235,0,0.9971288,0.6138031,0.7723534
207,236,236,0,0.9966631,0.6138272,0.7723057
208,237,237,0,0.9970808,0.6149335,0.7700936
209,238,238,0,0.999342,0.6152586,0.7694433
210,239,239,0,0.9978245,0.6158645,0.7682317
211,240,240,0,0.9975486,0.6164746,0.7670113
212,241,241,0,0.998373,0.6166216,0.7667176
213,242,242,0,0.9986079,0.61736,0.7652407
214,243,243,0,0.9990371,0.6183606,0.7632402
215,244,244,0,0.9901973,0.6143169,0.7713276
216,245,245,0,0.9912373,0.6145479,0.7708661
217,246,246,0,0.9997813,0.6189262,0.7621101
218,247,247,1,0.7345531,0.5661389,0.8676509
219,248,248,1,0.7479118,0.5906246,0.818701
220,249,249,1,0.7107863,0.572424,0.8550951
221,250,250,1,0.7011568,0.5567746,0.886371
222,251,251,1,0.6062393,0.5343486,0.9311413
223,252,252,1,0.6594033,0.5455345,0.9088304
224,253,253,1,0.8742824,0.5892022,0.8215517
225,254,254,1,0.7843394,0.5741943,0.8515575
226,255,255,1,0.7720027,0.5675172,0.8649039
227,256,256,1,0.8201069,0.5775747,0.8448
228,257,257,1,0.8144019,0.5766549,0.8466389
229,258,258,1,0.7998029,0.5728632,0.854221
230,259,259,1,0.969043,0.6094565,0.7810498
231,260,260,1,0.9703938,0.6109287,0.778106
232,261,261,1,0.9644473,0.6101704,0.7796228
233,262,262,0,0.9983432,0.617873,0.764217
234,263,263,0,0.9950274,0.6170518,0.76586
235,264,264,0,0.9990683,0.6190403,0.7618827
236,265,265,0,0.9987599,0.6198004,0.7603622
237,266,266,0,0.9989784,0.6199917,0.75998
238,267,267,0,0.9992726,0.6198769,0.7602097
239,268,268,0,0.9974421,0.6183683,0.7632272
240,269,269,0,0.9983942,0.6186165,0.7627308
241,270,270,0,0.9989917,0.6189868,0.76199
242,271,271,0,0.9989803,0.619383,0.7611979
243,272,272,0,0.9991072,0.6193616,0.7612407
244,273,273,0,0.999151,0.6188741,0.762216
245,274,274,0,0.998426,0.6175808,0.7648024
246,275,275,0,0.9995577,0.6177683,0.7644275
247,276,276,0,0.9984541,0.6164937,0.7669769
248,277,277,0,0.9984253,0.6177187,0.7645271
249,278,278,0,0.9984014,0.6191165,0.7617308
250,279,279,0,0.9983655,0.618486,0.7629915
251,280,280,0,0.9984002,0.6185082,0.7629475
252,281,281,0,0.9989376,0.6186522,0.7626596
253,282,282,0,0.998298,0.6180959,0.7637724
254,283,283,0,0.9983057,0.6182559,0.7634526
255,284,284,0,0.9988726,0.61901,0.7619439
256,285,285,0,0.9970114,0.6178831,0.7641982
257,286,286,0,0.9970104,0.6175247,0.7649151
258,287,287,0,0.998198,0.6182137,0.7635369
259,288,288,0,0.9967382,0.6169666,0.7660314
260,289,289,0,0.9967865,0.616688,0.7665885
261,290,290,0,0.9978259,0.61731,0.7653443
262,291,291,0,0.9962798,0.6164119,0.7671407
263,292,292,0,0.9963884,0.6163525,0.7672595
264,293,293,0,0.9973919,0.6169528,0.7660589
265,294,294,0,0.9968362,0.6165674,0.7668297
266,295,295,0,0.9967443,0.6162443,0.767476
267,296,296,0,0.9979584,0.6170104,0.7659436
268,297,297,0,0.9967556,0.616129,0.7677065
269,298,298,0,0.9970556,0.6164488,0.7670669
270,299,299,0,0.9971055,0.6164949,0.7669747
271,300,300,0,0.9968291,0.6163167,0.7673311
272,301,301,0,0.9959219,0.6157689,0.7684267
273,302,302,0,0.9978362,0.6171797,0.7656049
274,303,303,0,0.9960402,0.6162966,0.7673712
275,304,304,0,0.9957978,0.6162411,0.7674823
276,305,305,0,0.9966688,0.6166352,0.7666938
277,306,306,0,0.9959797,0.6162933,0.7673776
278,307,307,0,0.9364915,0.6017623,0.7964383
279,308,308,0,0.9711908,0.6094587,0.7810467
280,309,309,0,0.9548623,0.6059775,0.7880084
281,310,310,0,0.9652102,0.6082492,0.7834655
282,311,311,1,0.9735377,0.6100791,0.7798061
283,312,312,1,0.9715582,0.6097772,0.7804099
284,313,313,1,0.8533744,0.5836924,0.8325719
285,314,314,1,0.8352119,0.5799246,0.8401058
286,315,315,1,0.8398834,0.5809152,0.8381249
287,316,316,1,0.8474723,0.5822494,0.8354572
288,317,317,1,0.8588892,0.5858711,0.8282154
289,318,318,1,0.8539943,0.5856573,0.8286434
290,319,319,0,0.8550334,0.5854921,0.8289733
291,320,320,0,0.8597501,0.5855278,0.8289016
292,321,321,0,0.8588005,0.5863231,0.8273112
293,322,322,0,0.8718157,0.5888364,0.8222864
294,323,323,0,0.9966614,0.6159467,0.7680709
295,324,324,0,0.9963138,0.6167544,0.7664554
296,325,325,0,0.996238,0.6167009,0.7665622
297,326,326,1,0.9966874,0.6166252,0.7667138
298,327,327,1,0.9963511,0.6163487,0.7672668
299,328,328,0,0.9971018,0.6166888,0.7665866
300,329,329,0,0.9991184,0.6179574,0.7640491
301,330,330,0,0.963385,0.6088718,0.7822204
302,331,331,0,0.9974228,0.6176402,0.7646837
303,332,332,0,0.9976386,0.6176333,0.7646974
304,333,333,0,0.9972404,0.6174624,0.7650393
305,334,334,0,0.9973996,0.6178275,0.7643089
306,335,335,0,0.9682873,0.6090223,0.7819193
307,336,336,0,0.9662772,0.6100227,0.779919
308,337,337,0,0.9716249,0.6119512,0.776062
309,338,338,0,0.9809571,0.6133319,0.7733009
310,339,339,0,0.9393129,0.6042088,0.7915464
311,340,340,0,0.9365082,0.6024967,0.7949695
312,341,341,1,0.9618594,0.6086833,0.7825967
313,342,342,1,0.9327088,0.6033539,0.793255
314,343,343,1,0.937824,0.6044347,0.7910939
315,344,344,1,0.9831512,0.614695,0.7705743
316,345,345,1,0.9960428,0.618189,0.763586
317,346,346,1,0.9961529,0.618779,0.762406
318,347,347,1,0.9919885,0.6175045,0.7649553
319,348,348,1,0.928323,0.601413,0.7971371
320,349,349,1,0.9240462,0.5995768,0.8008091
321,350,350,0,0.9818004,0.6127887,0.7743872
322,351,351,0,0.9255155,0.6007734,0.7984166
323,352,352,0,0.9263999,0.6014154,0.7971324
324,353,353,0,0.9639485,0.6093475,0.7812693
325,354,354,0,0.5445297,0.5400898,0.9197283
326,355,355,0,0.5575047,0.5423963,0.9151198
327,356,356,0,0.8871022,0.5937988,0.8123636
328,357,357,0,0.5811982,0.5430048,0.9139032
329,358,358,0,0.53253,0.5300824,0.939693
330,359,359,0,0.9515675,0.6045339,0.7908942
331,360,360,0,0.5186964,0.5282876,0.9432725
332,361,361,0,0.5219,0.5234603,0.9528888
333,362,362,0,0.9199198,0.5987169,0.8025268
334,363,363,0,0.9876645,0.615335,0.7692922
335,364,364,0,0.9894072,0.6169142,0.7661343
336,365,365,0,0.9960286,0.6187264,0.7625098
337,366,366,0,0.9903789,0.6155633,0.7688354
338,367,367,0,0.9903418,0.6160974,0.7677677
339,368,368,0,0.9919828,0.6181302,0.763702
340,369,369,0,0.990189,0.6169235,0.7661157
341,370,370,0,0.9927001,0.6168872,0.7661883
342,371,371,0,0.9925668,0.6175973,0.7647684
343,372,372,1,0.9918274,0.6162919,0.7673791
344,373,373,1,0.9908142,0.6157241,0.7685148
345,374,374,1,0.9963807,0.6182352,0.7634926
346,375,375,1,0.9915847,0.6170905,0.7657829
347,376,376,1,0.9907651,0.6166958,0.766572
348,377,377,1,0.9972889,0.6187332,0.762497
349,378,378,1,0.9919184,0.6159313,0.7681012
350,379,379,1,0.9913073,0.6142976,0.7713688
351,380,380,1,0.9963502,0.6156425,0.7686789
352,381,381,1,0.9922293,0.615692,0.76858
353,382,382,1,0.9913324,0.6143265,0.7713109
354,383,383,1,0.9976522,0.6157688,0.7684262
355,384,384,1,0.9894554,0.6141937,0.7715765
356,385,385,1,0.9904796,0.6126994,0.7745651
357,386,386,1,0.9932802,0.6138257,0.7723122
358,387,387,1,0.9905734,0.6149697,0.7700246
359,388,388,1,0.9908716,0.6151858,0.7695921
360,389,389,1,0.9932929,0.6160747,0.7678143
361,390,390,1,0.9904673,0.6148741,0.7702159
362,391,391,1,0.9907991,0.6149428,0.7700785
363,392,392,1,0.9944685,0.6165589,0.7668461
364,393,393,1,0.9900953,0.6149673,0.7700292
365,394,394,1,0.9901515,0.6153185,0.7693272
366,395,395,1,0.9933131,0.6165299,0.7669036
367,396,396,1,0.9912331,0.6156484,0.768667
368,397,397,1,0.9903842,0.6156019,0.7687599
369,398,398,1,0.9914026,0.6160564,0.7678508
370,399,399,1,0.9914957,0.6163288,0.7673057
371,400,400,1,0.9916342,0.6162851,0.7673935
372,401,401,1,0.9917847,0.6165432,0.7668773
373,402,402,1,0.9910393,0.6162384,0.7674869
374,403,403,1,0.9912484,0.6164454,0.7670727
375,404,404,1,0.9922178,0.61632,0.7673236
376,405,405,1,0.9918544,0.6161896,0.7675843
377,406,406,1,0.9921128,0.6160626,0.7678384
378,407,407,1,0.9952123,0.6169522,0.7660587
379,408,408,1,0.9921589,0.6158734,0.7682167
380,409,409,1,0.9919502,0.6155813,0.768801
381,410,410,1,0.9934447,0.6162784,0.7674063
382,411,411,1,0.9919936,0.6163071,0.7673489
383,412,412,1,0.9918969,0.6162777,0.7674078
384,413,413,1,0.9936047,0.6168164,0.7663304
385,414,414,1,0.9920196,0.6162662,0.7674308
386,415,415,1,0.9922993,0.6161378,0.7676876
387,416,416,1,0.9953434,0.6169289,0.7661049
388,417,417,1,0.9953256,0.6169345,0.766094
389,418,418,1,0.9952403,0.616882,0.7661991
390,419,419,1,0.9954876,0.6168479,0.7662671
391,420,420,1,0.9950733,0.6166366,0.76669
392,421,421,1,0.9949635,0.6164231,0.767117
393,422,422,1,0.9948866,0.6164306,0.7671021
394,423,423,1,0.9946335,0.6163285,0.7673065
395,424,424,1,0.9946045,0.6162556,0.7674523
396,425,425,1,0.9945667,0.6160773,0.7678089
397,426,426,1,0.9947621,0.6159665,0.7680307
398,427,427,1,0.994936,0.6160257,0.7679123
399,428,428,1,0.9940206,0.6156728,0.7686182
400,429,429,1,0.9959543,0.6168666,0.7662303
401,430,430,1,0.995526,0.6168239,0.7663159
402,431,431,1,0.9955792,0.6167664,0.7664311
403,432,432,1,0.9936348,0.6160701,0.7678239
404,433,433,1,0.9936035,0.6159781,0.7680081
405,434,434,1,0.9968179,0.6171757,0.7656127
406,435,435,1,0.9931649,0.6158705,0.7682233
407,436,436,1,0.9932105,0.6156309,0.7687026
408,437,437,1,0.9976546,0.6176862,0.7645915
409,438,438,1,0.9933192,0.6157221,0.7685203
410,439,439,1,0.9933083,0.6159101,0.7681442
411,440,440,1,0.9908811,0.6151148,0.7697349
412,441,441,1,0.9886224,0.6143954,0.7711737
413,442,442,1,0.988622,0.6143312,0.7713023
414,443,443,1,0.9945486,0.6159937,0.767977
415,444,444,1,0.9886674,0.6141974,0.77157
416,445,445,1,0.9886705,0.6141954,0.7715738
417,446,446,1,0.9966086,0.6169902,0.765984
418,447,447,1,0.9885597,0.6144214,0.7711217
419,448,448,1,0.9885825,0.6142651,0.7714344
420,449,449,1,0.9959229,0.6166651,0.7666341
421,450,450,1,0.988682,0.6144201,0.7711245
422,451,451,1,0.9886783,0.6144484,0.7710678
423,452,452,1,0.994984,0.6165534,0.7668577
424,453,453,1,0.988726,0.6146995,0.7705656
425,454,454,1,0.9887469,0.6144624,0.7710398
426,455,455,1,0.9962156,0.6169463,0.7660716
427,456,456,1,0.9886851,0.6144776,0.7710093
428,457,457,1,0.9885933,0.614359,0.7712466
429,458,458,1,0.9923459,0.6155168,0.7689304
430,459,459,1,0.9886552,0.6148351,0.7702939
431,460,460,1,0.9885548,0.6149458,0.7700724
432,461,461,1,0.9947041,0.6163451,0.7672738
433,462,462,1,0.9883294,0.6144859,0.7709925
434,463,463,1,0.9885222,0.6140586,0.7718472
435,464,464,1,0.9896638,0.6146505,0.7706634
436,465,465,0,0.989726,0.6143523,0.7712597
437,466,466,0,0.9908792,0.6148136,0.7703371
438,467,467,0,0.9935507,0.6156875,0.7685891
439,468,468,0,0.9891236,0.6139883,0.771988
440,469,469,0,0.992277,0.6156231,0.7687182
441,470,470,0,0.998229,0.6180013,0.7639612
442,471,471,0,0.9935021,0.6157997,0.7683648
443,472,472,0,0.99207,0.6151181,0.7697281
444,473,473,0,0.9954506,0.6165895,0.7667851
445,474,474,0,0.9913428,0.6145384,0.7708878
446,475,475,0,0.9895642,0.6138474,0.7722698
447,476,476,0,0.9939618,0.6157396,0.768485
448,477,477,0,0.9894034,0.6142696,0.7714252
449,478,478,0,0.9891926,0.6145871,0.7707902
450,479,479,0,0.9956011,0.6172212,0.7655217
451,480,480,0,0.9921346,0.6163903,0.7671835
452,481,481,0,0.9933794,0.6163782,0.7672075
453,482,482,0,0.9931001,0.6158607,0.7682425
454,483,483,0,0.990732,0.6149037,0.7701565
455,484,484,0,0.9936932,0.6157712,0.7684216
456,485,485,0,0.9937375,0.6157027,0.7685588
457,486,486,0,0.9937602,0.6159682,0.7680278
458,487,487,0,0.9931511,0.6152343,0.7694956
459,488,488,0,0.9937551,0.6156593,0.7686456
460,489,489,0,0.992846,0.6152437,0.7694768
461,490,490,0,0.9936355,0.6155152,0.7689338
462,491,491,0,0.9927659,0.6155462,0.7688721
463,492,492,0,0.9933516,0.6157887,0.7683868
464,493,493,0,0.9926262,0.6154997,0.7689648
465,494,494,0,0.9933627,0.6158701,0.7682239
466,495,495,0,0.9925675,0.6154808,0.7690026
467,496,496,0,0.9933619,0.6160402,0.7678836
468,497,497,0,0.9926354,0.615856,0.7682521
469,498,498,0,0.9930015,0.6157869,0.7683903
470,499,499,0,0.9935079,0.6159804,0.7680033
471,500,500,0,0.9928235,0.6158157,0.7683329
472,501,501,0,0.9927486,0.6155764,0.7688115
473,502,502,0,0.9933763,0.6157239,0.7685165
474,503,503,0,0.9925476,0.6150925,0.7697796
475,504,504,0,0.9933333,0.615571,0.7688224
476,505,505,0,0.9926255,0.6152859,0.7693925
477,506,506,0,0.9943876,0.6157804,0.7684038
478,507,507,0,0.9917831,0.6151389,0.7696865
479,508,508,0,0.9919097,0.6151777,0.769609
480,509,509,0,0.9928281,0.6158619,0.7682407
481,510,510,0,0.9919454,0.6158394,0.7682858
482,511,511,0,0.9919007,0.615922,0.7681205
483,512,512,0,0.9946203,0.6168215,0.7663215
484,513,513,0,0.9912255,0.6156741,0.7686165
485,514,514,0,0.9922284,0.6158852,0.7681943
486,515,515,0,0.9948944,0.6167945,0.7663754
487,516,516,0,0.9920254,0.6161157,0.7677331
488,517,517,0,0.9923051,0.6161675,0.7676294
489,518,518,0,0.9932093,0.6162575,0.7674496
490,519,519,0,0.9927483,0.6160354,0.7678936
491,520,520,0,0.993248,0.6162348,0.7674947
492,521,521,0,0.9958183,0.6174565,0.7650513
493,522,522,0,0.9931381,0.6166736,0.7666172
494,523,523,1,0.9923425,0.6161315,0.7677016
495,524,524,1,0.9956948,0.6173738,0.7652171
496,525,525,1,0.9925134,0.6162023,0.7675603
497,526,526,1,0.9932086,0.6163667,0.7672312
498,527,527,1,0.9943014,0.6168922,0.7661802
499,528,528,1,0.9926254,0.6162236,0.7675172
500,529,529,1,0.9924795,0.6161805,0.7676036
501,530,530,1,0.995676,0.6173059,0.7653525
502,531,531,1,0.991984,0.6165996,0.7667653
503,532,532,1,0.9921755,0.6163734,0.7672177
504,533,533,1,0.9950373,0.6170686,0.7658271
505,534,534,1,0.9915144,0.6162659,0.7674327
506,535,535,1,0.9922099,0.6165148,0.7669349
507,536,536,1,0.995167,0.6173074,0.7653499
508,537,537,1,0.9909958,0.6162848,0.7673948
509,538,538,1,0.9916925,0.6162165,0.7675315
510,539,539,1,0.9956292,0.6173668,0.7652308
511,540,540,1,0.9903508,0.6159092,0.7681462
512,541,541,1,0.990288,0.6158195,0.7683257
513,542,542,1,0.9921845,0.6163347,0.7672952
514,543,543,1,0.9915299,0.6162078,0.7675489
515,544,544,1,0.9908026,0.6158891,0.768186
516,545,545,1,0.9937093,0.6167801,0.766404
517,546,546,1,0.9909363,0.6158496,0.7682651
518,547,547,1,0.9917426,0.6160424,0.7678794
519,548,548,1,0.9951865,0.6175192,0.7649255
520,549,549,1,0.6992506,0.5531188,0.8937002
521,550,550,1,0.6984063,0.5475042,0.9049184
522,551,551,1,0.7107186,0.5478459,0.9042338
523,552,552,1,0.7035629,0.5483196,0.9032887
524,553,553,1,0.699699,0.5488129,0.9023049
525,554,554,1,0.7102816,0.5535633,0.8928095
526,555,555,1,0.6972762,0.5550086,0.8899192
527,556,556,1,0.6888035,0.553074,0.8937848
528,557,557,1,0.6819021,0.5520846,0.8957627
529,558,558,1,0.5977654,0.5370077,0.9258747
530,559,559,1,0.5942266,0.5331858,0.9334987
531,560,560,1,0.8767771,0.5856233,0.8287103
532,561,561,1,0.6622335,0.5498659,0.9001941
533,562,562,1,0.6654997,0.547542,0.9048384
534,563,563,1,0.7305836,0.5589778,0.8819829
535,564,564,1,0.9921371,0.6104828,0.7789966
536,565,565,1,0.9919173,0.6140684,0.7718257
537,566,566,1,0.9957116,0.6153826,0.7691977
538,567,567,1,0.9916261,0.6132136,0.7735355
539,568,568,1,0.9911883,0.6130368,0.7738894
540,569,569,1,0.9944682,0.6138849,0.7721931
541,570,570,1,0.9932306,0.6137692,0.7724242
542,571,571,1,0.9923576,0.6139813,0.7720002
543,572,572,1,0.995616,0.6170181,0.7659268
544,573,573,1,0.9930109,0.614958,0.7700471
545,574,574,1,0.9922805,0.6139567,0.7720498
546,575,575,1,0.9930127,0.6144741,0.7710149
547,576,576,1,0.9916581,0.614471,0.7710212
548,577,577,1,0.994892,0.6160883,0.7677868
549,578,578,1,0.7255356,0.5585836,0.8827681
550,579,579,1,0.6473512,0.541936,0.9160287
551,580,580,1,0.63817,0.5414539,0.9169886
552,581,581,1,0.7720513,0.5689585,0.8620296
553,582,582,1,0.6260709,0.5395824,0.9207323
554,583,583,1,0.9937425,0.6133822,0.7731983
555,584,584,1,0.9933134,0.615711,0.768541
556,585,585,1,0.9925556,0.6163133,0.7673367
557,586,586,1,0.9925017,0.6155161,0.768931
558,587,587,1,0.9950117,0.6161484,0.7676666
559,588,588,1,0.9930111,0.6158439,0.7682763
560,589,589,1,0.9925822,0.6159732,0.7680178
561,590,590,1,0.9948967,0.6166276,0.7667087
562,591,591,1,0.9916825,0.6151329,0.7696986
563,592,592,1,0.9913892,0.6150492,0.7698662
564,593,593,1,0.9915252,0.6156758,0.7686132
565,594,594,1,0.9909131,0.6155362,0.7688926
566,595,595,1,0.9898734,0.6154492,0.7690663
567,596,596,1,0.9929526,0.6162602,0.767444
568,597,597,1,0.991421,0.6157257,0.7685133
569,598,598,1,0.9917457,0.6158492,0.7682661
570,599,599,1,0.9912615,0.6154506,0.7690635
571,600,600,1,0.9899212,0.6156234,0.7687181
572,601,601,1,0.9908389,0.6159386,0.7680877
573,602,602,1,0.9898055,0.6156418,0.7686812
574,603,603,1,0.9905097,0.6151049,0.7697549
575,604,604,1,0.9895576,0.6148172,0.7703305
576,605,605,1,0.9950089,0.6163363,0.7672921
577,606,606,1,0.9895799,0.6147376,0.7704896
578,607,607,1,0.9914921,0.6152899,0.7693849
579,608,608,1,0.9942021,0.6164047,0.7671553
580,609,609,1,0.9895617,0.6152607,0.7694437
581,610,610,1,0.9895628,0.6150089,0.7699472
582,611,611,1,0.9936371,0.6160576,0.7678497
583,612,612,1,0.9895523,0.6152483,0.7694686
584,613,613,1,0.9895816,0.6154569,0.7690513
585,614,614,1,0.9940955,0.6166209,0.766723
586,615,615,1,0.9895529,0.6152908,0.7693835
587,616,616,1,0.9897236,0.6152451,0.7694748
588,617,617,1,0.9921361,0.6159171,0.7681307
589,618,618,1,0.9907891,0.6155934,0.7687781
590,619,619,1,0.9898863,0.6150466,0.7698717
591,620,620,1,0.9952145,0.6165772,0.7668102
592,621,621,1,0.9899895,0.61487,0.770225
593,622,622,1,0.9901061,0.6149421,0.7700807
594,623,623,1,0.9962345,0.6168693,0.7662257
595,624,624,1,0.9901636,0.6147933,0.7703782
596,625,625,1,0.9902223,0.6145679,0.7708288
597,626,626,1,0.993883,0.6159827,0.7679991
598,627,627,1,0.9904024,0.6150168,0.7699312
599,628,628,1,0.9904461,0.6148934,0.7701779
600,629,629,1,0.9960243,0.6167179,0.7665283
601,630,630,1,0.9905644,0.6149611,0.7700425
602,631,631,1,0.9903052,0.6148278,0.770309
603,632,632,1,0.9906671,0.6149495,0.7700655
604,633,633,1,0.9905562,0.6150588,0.7698472
605,634,634,1,0.9924664,0.6156738,0.7686166
606,635,635,1,0.9934165,0.6158855,0.7681935
607,636,636,1,0.9907675,0.615249,0.7694663
608,637,637,1,0.9910446,0.6150729,0.7698186
609,638,638,1,0.9916111,0.6152871,0.7693905
610,639,639,1,0.9908731,0.6152352,0.7694941
611,640,640,1,0.9917672,0.6154147,0.7691351
612,641,641,1,0.9933003,0.6160458,0.7678728
613,642,642,1,0.9925601,0.615657,0.7686503
614,643,643,1,0.9917838,0.6152921,0.7693804
615,644,644,1,0.9935137,0.615732,0.7685004
616,645,645,1,0.9906517,0.6150722,0.76982
617,646,646,1,0.9915818,0.6152335,0.7694974
618,647,647,1,0.9965603,0.6172142,0.7655358
619,648,648,1,0.9912861,0.6158138,0.7683368
620,649,649,1,0.9904177,0.6155238,0.7689169
621,650,650,1,0.9940255,0.6161659,0.7676325
622,651,651,1,0.9910742,0.6157041,0.7685562
623,652,652,1,0.9909342,0.6154218,0.7691209
624,653,653,1,0.9935637,0.6162297,0.7675052
625,654,654,1,0.9908827,0.6154972,0.7689702
626,655,655,1,0.9902336,0.6149329,0.7700986
627,656,656,1,0.9910931,0.6154984,0.7689675
628,657,657,1,0.9901401,0.6151685,0.7696275
629,658,658,1,0.9915133,0.6154955,0.7689733
630,659,659,1,0.9943565,0.616378,0.7672082
631,660,660,1,0.9910816,0.6151077,0.7697487
632,661,661,1,0.9921168,0.6155108,0.7689427
633,662,662,1,0.9931402,0.6158177,0.7683287
634,663,663,1,0.9921066,0.6160137,0.7679369
635,664,664,1,0.9920526,0.6158513,0.7682617
636,665,665,1,0.9966452,0.6174475,0.7650688
637,666,666,1,0.9931603,0.6168273,0.7663094
638,667,667,1,0.9922073,0.6161071,0.7677498
639,668,668,1,0.994776,0.616624,0.7667161
640,669,669,1,0.9914441,0.6159105,0.7681433
641,670,670,1,0.9916396,0.6157137,0.7685366
642,671,671,1,0.9943171,0.6165771,0.7668097
643,672,672,1,0.9903833,0.6154861,0.7689922
644,673,673,1,0.9912674,0.6155728,0.7688187
645,674,674,1,0.9931339,0.6160388,0.7678868
646,675,675,1,0.9900788,0.6150531,0.7698581
647,676,676,1,0.9905314,0.6149846,0.769995
648,677,677,1,0.9950959,0.6167654,0.7664335
649,678,678,1,0.9904888,0.6148883,0.7701877
650,679,679,1,0.9912272,0.6152717,0.7694209
651,680,680,1,0.9901286,0.6149858,0.7699926
652,681,681,1,0.9910074,0.6155864,0.7687915
653,682,682,1,0.9910563,0.6157116,0.7685412
654,683,683,1,0.9907377,0.6157441,0.768476
655,684,684,1,0.9934756,0.6170524,0.7658592
656,685,685,1,0.9922262,0.6166614,0.7666409
657,686,686,1,0.9910967,0.6158947,0.7681745
658,687,687,1,0.9918243,0.6161208,0.767722
659,688,688,1,0.9916965,0.6161232,0.7677173
660,689,689,1,0.5139403,0.5147367,0.9700668
661,690,690,1,0.4770585,0.5109,0.977477
662,691,691,1,0.4994129,0.5102147,0.9786326
663,692,692,1,0.855177,0.5769957,0.8459558
664,693,693,1,0.5263174,0.5122234,0.9748927
665,694,694,1,0.989824,0.6109449,0.7780718
666,695,695,1,0.9962505,0.6156605,0.7686409
667,696,696,1,0.990689,0.6133149,0.7733326
668,697,697,1,0.990819,0.6149977,0.7699675
669,698,698,1,0.9938779,0.6159697,0.7680234
670,699,699,1,0.991074,0.6150522,0.7698588
671,700,700,1,0.990151,0.6153323,0.769299
672,701,701,1,0.9956479,0.6166995,0.7665644
673,702,702,1,0.9912314,0.6153214,0.7693208
674,703,703,1,0.9912099,0.6156464,0.7686712
675,704,704,1,0.9960345,0.6176993,0.764565
676,705,705,1,0.9912467,0.61567,0.768624
677,706,706,1,0.992246,0.6167461,0.7664718
678,707,707,1,0.9928793,0.6167501,0.7664638
679,708,708,1,0.990643,0.616055,0.7678543
680,709,709,1,0.9907498,0.6160142,0.7679357
681,710,710,1,0.9953256,0.6175636,0.7648367
682,711,711,1,0.9907022,0.6162365,0.7674911
683,712,712,1,0.9909261,0.6164925,0.7669792
684,713,713,1,0.9933676,0.6167503,0.7664632
685,714,714,1,0.9911227,0.6147984,0.7703669
686,715,715,1,0.9910893,0.6142488,0.7714663
687,716,716,1,0.9939327,0.6159689,0.7680263
688,717,717,1,0.9925254,0.615966,0.768032
689,718,718,1,0.9937267,0.6157774,0.7684094
690,719,719,1,0.9941041,0.6171629,0.7656382
691,720,720,1,0.992093,0.6162863,0.7673914
692,721,721,1,0.9920676,0.6163477,0.7672691
693,722,722,1,0.996004,0.6176094,0.7647452
694,723,723,1,0.9923551,0.6162817,0.7674012
695,724,724,1,0.9922943,0.6161734,0.7676178
696,725,725,1,0.9922104,0.6160508,0.7678632
697,726,726,1,0.9923342,0.616169,0.7676269
698,727,727,1,0.9904555,0.6149956,0.7699738
699,728,728,1,0.9964007,0.6170371,0.7658904
700,729,729,1,0.9916338,0.6154315,0.7691017
701,730,730,1,0.9921302,0.6153538,0.7692572
702,731,731,1,0.9942037,0.6160982,0.7677684
703,732,732,1,0.9920964,0.6153474,0.7692702
704,733,733,1,0.9921244,0.6153954,0.7691742
705,734,734,1,0.9983721,0.6183197,0.7633249
706,735,735,1,0.9921685,0.6155184,0.7689281
707,736,736,1,0.9918432,0.6157123,0.7685402
708,737,737,1,0.9954926,0.6166983,0.7665681
709,738,738,1,0.9917879,0.6155045,0.7689561
710,739,739,1,0.9919304,0.6151841,0.7695966
711,740,740,1,0.9952345,0.6168927,0.7661792
712,741,741,1,0.9918777,0.6153334,0.7692978
713,742,742,1,0.9928725,0.6159687,0.7680275
714,743,743,1,0.9987322,0.6186847,0.7625947
715,744,744,1,0.9914689,0.6159181,0.7681286
716,745,745,1,0.9914609,0.6152407,0.7694833
717,746,746,1,0.9975157,0.6178848,0.7641948
718,747,747,1,0.991554,0.6156622,0.7686405
719,748,748,1,0.9916122,0.615407,0.7691508
720,749,749,1,0.9934899,0.6160875,0.7677898
721,750,750,1,0.9915839,0.6155864,0.7687922
722,751,751,1,0.9917147,0.6154517,0.7690616
723,752,752,1,0.9956159,0.6169257,0.7661134
724,753,753,1,0.9906353,0.6150844,0.7697961
725,754,754,1,0.9906567,0.615306,0.769353
726,755,755,1,0.9949207,0.6167561,0.7664526
727,756,756,1,0.991696,0.6155897,0.7687855
728,757,757,1,0.9946008,0.6164356,0.7670935
729,758,758,1,0.9977948,0.618029,0.7639063
730,759,759,1,0.9954214,0.6170137,0.7659372
731,760,760,1,0.9948751,0.6167002,0.7665641
732,761,761,1,0.9954254,0.6168389,0.7662867
733,762,762,1,0.9944679,0.6166378,0.7666888
734,763,763,1,0.9946547,0.6166053,0.766754
735,764,764,1,0.994763,0.6167336,0.7664973
736,765,765,1,0.9952855,0.6170369,0.7658906
737,766,766,1,0.9950004,0.6167643,0.7664357
738,767,767,1,0.9951664,0.6165971,0.7667703
739,768,768,0,0.994976,0.6165578,0.7668489
740,769,769,0,0.9950511,0.6164719,0.7670207
741,770,770,0,0.9926283,0.6153201,0.7693245
742,771,771,0,0.9908801,0.6148462,0.7702727
743,772,772,0,0.9908746,0.6148781,0.7702087
744,773,773,0,0.9976152,0.61753,0.7649039
745,774,774,0,0.9907233,0.6151007,0.7697635
746,775,775,0,0.9906846,0.6150653,0.7698344
747,776,776,0,0.997636,0.6174544,0.7650556
748,777,777,0,0.9904459,0.6148685,0.7702282
749,778,778,0,0.9907035,0.6147557,0.7704534
750,779,779,0,0.9972109,0.6176534,0.7646574
751,780,780,0,0.9905002,0.6149316,0.7701015
752,781,781,0,0.9914363,0.6155148,0.7689355
753,782,782,0,0.9949743,0.6165913,0.7667819
754,783,783,0,0.9905153,0.6149375,0.7700899
755,784,784,0,0.9906698,0.614921,0.770123
756,785,785,0,0.9959405,0.6168149,0.7663349
757,786,786,0,0.9907521,0.614913,0.7701387
758,787,787,0,0.9908158,0.6150241,0.7699169
759,788,788,0,0.9953646,0.6164621,0.7670404
760,789,789,0,0.9920604,0.6156508,0.7686631
761,790,790,0,0.9911732,0.6151527,0.7696593
762,791,791,0,0.9968504,0.6172608,0.7654427
763,792,792,0,0.991177,0.6151884,0.7695879
764,793,793,0,0.9912006,0.615196,0.7695729
765,794,794,0,0.9949089,0.6163629,0.7672387
766,795,795,0,0.9911795,0.6150182,0.7699283
767,796,796,0,0.9912766,0.6147861,0.7703925
768,797,797,0,0.9968499,0.6167748,0.7664145
769,798,798,0,0.9913144,0.6148735,0.7702175
770,799,799,0,0.9912837,0.6147268,0.7705111
771,800,800,0,0.9947424,0.6158957,0.768173
772,801,801,0,0.9911003,0.6145062,0.7709522
773,802,802,0,0.9910891,0.6145276,0.7709094
774,803,803,0,0.9927875,0.6151013,0.7697619
775,804,804,0,0.991067,0.6146039,0.7707567
776,805,805,0,0.9910838,0.6144936,0.7709773
777,806,806,0,0.9953221,0.6161142,0.7677359
778,807,807,0,0.9911179,0.614616,0.7707325
779,808,808,0,0.9911074,0.614534,0.7708961
780,809,809,0,0.9911045,0.6150603,0.7698437
781,810,810,0,0.9916666,0.6153246,0.7693145
782,811,811,0,0.9905601,0.6156541,0.7686559
783,812,812,0,0.9925341,0.6158958,0.7681723
784,813,813,0,0.9931958,0.6164887,0.7669865
785,814,814,0,0.9904559,0.6156499,0.768664
786,815,815,0,0.7379909,0.5532854,0.8933414
787,816,816,0,0.9915589,0.6147236,0.7705165
788,817,817,0,0.992725,0.6164687,0.7670262
789,818,818,0,0.9982554,0.6192707,0.7614216
790,819,819,0,0.9926723,0.6166959,0.7665714
791,820,820,0,0.9923012,0.6155837,0.768796
792,821,821,0,0.9979696,0.6175498,0.7648636
793,822,822,0,0.9928247,0.6148258,0.7703126
794,823,823,0,0.7491134,0.5621794,0.8755791
795,824,824,0,0.9316468,0.6010086,0.7979452
796,825,825,0,0.6798439,0.5537325,0.8924628
797,826,826,0,0.6759156,0.5517985,0.8963262
798,827,827,0,0.9976476,0.6158464,0.7682713
799,828,828,0,0.6594784,0.550901,0.89812
800,829,829,0,0.6617039,0.5502383,0.899447
801,830,830,0,0.966523,0.6099865,0.7799906
802,831,831,0,0.4784067,0.5210495,0.9576026
803,832,832,0,0.6399357,0.5484913,0.9029381
804,833,833,0,0.8698665,0.5923905,0.8151789
805,834,834,0,0.643252,0.55102,0.8978867
806,835,835,0,0.6444414,0.553354,0.8932232
807,836,836,0,0.9847184,0.6125465,0.774871
808,837,837,0,0.6338491,0.5535648,0.8928037
809,838,838,0,0.6365346,0.5525579,0.8948162
810,839,839,0,0.9945245,0.6150764,0.769811
811,840,840,1,0.9901808,0.6141599,0.7716441
812,841,841,0,0.9907289,0.6146137,0.7707365
813,842,842,0,0.9940343,0.6156011,0.7687616
814,843,843,0,0.9918807,0.6137672,0.7724292
815,844,844,0,0.9916342,0.6144527,0.7710582
816,845,845,0,0.9959713,0.6172546,0.7654549
817,846,846,0,0.9899167,0.614576,0.770812
818,847,847,0,0.9900499,0.6144423,0.7710794
819,848,848,0,0.9965004,0.6168345,0.7662947
820,849,849,0,0.9901451,0.6140383,0.7718868
821,850,850,0,0.9912408,0.6135328,0.7728977
822,851,851,0,0.9954411,0.6169299,0.7661033
823,852,852,0,0.5630698,0.5337737,0.9322989
824,853,853,0,0.5497652,0.5282061,0.9433681
825,854,854,0,0.9725023,0.6108176,0.778327
826,855,855,0,0.9779974,0.6141546,0.7716534
827,856,856,0,0.9844894,0.6146075,0.7707477
828,857,857,0,0.9845586,0.6150211,0.7699204
829,858,858,0,0.4363446,0.5191379,0.9613234
830,859,859,0,0.9907381,0.6119275,0.7761068
831,860,860,0,0.9918264,0.6171726,0.7656177
832,861,861,0,0.9901339,0.6168528,0.7662572
833,862,862,0,0.9920307,0.6155933,0.7687762
834,863,863,0,0.9914021,0.6147217,0.7705188
835,864,864,0,0.9908921,0.6147236,0.7705147
836,865,865,0,0.9899232,0.6167087,0.7665451
837,866,866,0,0.9942096,0.6181501,0.7636627
838,867,867,0,0.9922073,0.6167506,0.766462
839,868,868,0,0.9933064,0.6171097,0.765744
840,869,869,0,0.9944856,0.6171596,0.7656438
841,870,870,0,0.9943211,0.6144679,0.7710272
842,871,871,0,0.8175444,0.5812916,0.8373698
843,872,872,0,0.9973435,0.6165774,0.766809
844,873,873,0,0.9936536,0.6166222,0.7667195
845,874,874,0,0.9948108,0.6171075,0.7657492
846,875,875,0,0.9977435,0.6184652,0.7630332
847,876,876,0,0.995479,0.6160982,0.7677673
848,877,877,0,0.9956902,0.6146665,0.7706307
849,878,878,0,0.9973052,0.6163749,0.7672141
850,879,879,0,0.9946863,0.6169029,0.7661582
851,880,880,0,0.9941306,0.6165512,0.7668619
852,881,881,0,0.9969951,0.6171352,0.7656934
853,882,882,0,0.9960029,0.6157011,0.7685618
854,883,883,0,0.9961067,0.614516,0.7709326
855,884,884,0,0.9989553,0.6181062,0.7637515
856,885,885,0,0.9971195,0.6178924,0.7641794
857,886,886,0,0.9972207,0.6181052,0.7637538
858,887,887,0,0.9986662,0.6187536,0.7624565
859,888,888,0,0.997251,0.6178085,0.7643471
860,889,889,0,0.9968393,0.6169143,0.7661357
861,890,890,0,0.9989458,0.6186668,0.7626301
862,891,891,0,0.996698,0.6173654,0.7652337
863,892,892,0,0.9967394,0.6174376,0.7650892
864,893,893,0,0.9981889,0.6179951,0.7639737
865,894,894,0,0.9962815,0.6169179,0.7661285
866,895,895,0,0.9964095,0.6165407,0.7668831
867,896,896,0,0.9979872,0.616495,0.7669746
868,897,897,0,0.9971707,0.6173329,0.7652985
869,898,898,0,0.9963054,0.6166657,0.7666332
870,899,899,0,0.9983736,0.6182078,0.7635486
871,900,900,0,0.9953194,0.6165737,0.7668171
872,901,901,0,0.9956743,0.6164798,0.7670048
873,902,902,0,0.994492,0.6159798,0.7680051
874,903,903,0,0.9911001,0.6140763,0.7718121
875,904,904,0,0.9912012,0.6144242,0.7711164
876,905,905,0,0.9958355,0.6158784,0.7682076
877,906,906,0,0.9913241,0.6141071,0.7717507
878,907,907,0,0.9918665,0.6147812,0.7704023
879,908,908,0,0.9958939,0.6164443,0.767076
880,909,909,0,0.9932952,0.6153843,0.7691959
881,910,910,0,0.9921942,0.6151766,0.7696111
882,911,911,0,0.992924,0.6154063,0.7691517
883,912,912,0,0.9932996,0.6154542,0.769056
884,913,913,0,0.9935179,0.6153738,0.7692168
885,914,914,0,0.9946326,0.6159173,0.7681298
886,915,915,0,0.9934111,0.6158123,0.7683402
887,916,916,0,0.9932256,0.6153229,0.769319
888,917,917,0,0.9945197,0.6155913,0.768782
889,918,918,0,0.9922031,0.6146116,0.7707417
890,919,919,0,0.9935862,0.6150858,0.7697933
891,920,920,0,0.996421,0.6165512,0.7668623
892,921,921,0,0.9934266,0.6149359,0.7700932
893,922,922,0,0.993232,0.6153057,0.7693537
894,923,923,0,0.9982704,0.6180786,0.7638072
895,924,924,0,0.9932383,0.6149077,0.7701495
896,925,925,0,0.9915429,0.6144799,0.7710053
897,926,926,0,0.9980841,0.6179831,0.7639984
898,927,927,0,0.9924581,0.6147459,0.7704734
899,928,928,0,0.9915875,0.6146388,0.7706875
900,929,929,0,0.9969295,0.6169715,0.7660217
901,930,930,0,0.9905502,0.6141296,0.7717057
902,931,931,0,0.9905255,0.613925,0.7721151
903,932,932,0,0.9953728,0.6159044,0.7681559
904,933,933,0,0.6372792,0.5419257,0.9160625
905,934,934,0,0.6211577,0.5379804,0.9239388
906,935,935,0,0.9700571,0.6048895,0.7901852
907,936,936,0,0.6236299,0.5396701,0.9205653
908,937,937,0,0.6305962,0.5403842,0.9191393
909,938,938,0,0.8591766,0.5841011,0.8317549
910,939,939,0,0.666916,0.5464085,0.9071044
911,940,940,0,0.6673464,0.546101,0.9077151
912,941,941,0,0.9038736,0.5944499,0.8110611
913,942,942,0,0.8230273,0.5805622,0.8388304
914,943,943,0,0.8374458,0.583024,0.8339084
915,944,944,0,0.9603896,0.6085515,0.7828606
916,945,945,0,0.4936685,0.5222718,0.9551786
917,946,946,0,0.4638808,0.5151088,0.9692174
918,947,947,0,0.6086345,0.5388,0.9222059
919,948,948,0,0.4369763,0.5075122,0.9825984
920,949,949,0,0.4391513,0.507031,0.9833801
921,950,950,0,0.630668,0.5428398,0.9141315
922,951,951,0,0.6722696,0.552357,0.8951651
923,952,952,0,0.6585393,0.5488132,0.9022412
924,953,953,0,0.4264793,0.5059916,0.9844874
925,954,954,0,0.4349087,0.506538,0.9835448
926,955,955,0,0.4475773,0.506726,0.9831554
927,956,956,0,0.4553201,0.5092763,0.9792909
928,957,957,0,0.4469029,0.5116345,0.9751091
929,958,958,0,0.4445435,0.513405,0.9720588
930,959,959,0,0.4420065,0.5128176,0.9730763
931,960,960,0,0.4226912,0.5124558,0.9735015
932,961,961,0,0.4330486,0.5157913,0.9673804
933,962,962,0,0.4005419,0.5092751,0.9781032
934,963,963,0,0.4088787,0.5107926,0.9754867
935,964,964,0,0.3998214,0.5100974,0.9767762
936,965,965,0,0.91474,0.6091806,0.7815895
937,966,966,0,0.5179191,0.5289567,0.9417557
938,967,967,0,0.5155671,0.5270284,0.9455327
939,968,968,0,0.5057039,0.5233533,0.9527789
940,969,969,0,0.5028446,0.52298,0.9535174
941,970,970,0,0.6598148,0.5549729,0.8899519
942,971,971,0,0.6512215,0.5476384,0.9045975
943,972,972,0,0.6363301,0.5450388,0.9097784
944,973,973,0,0.622799,0.5399949,0.9198368
945,974,974,0,0.6168172,0.5342699,0.9312129
946,975,975,1,0.6280465,0.5352201,0.9293114
947,976,976,1,0.63275,0.5337732,0.9321575
948,977,977,1,0.8529343,0.5901331,0.8196787
949,978,978,0,0.735776,0.5594341,0.8810363
950,979,979,0,0.8362224,0.5849374,0.8300704
951,980,980,0,0.9292477,0.6060191,0.7879169
952,981,981,0,0.9943041,0.6166722,0.7666119
953,982,982,0,0.995088,0.6171819,0.7655929
954,983,983,0,0.9949093,0.616575,0.766808
955,984,984,0,0.8363044,0.5875725,0.8248072
956,985,985,0,0.8343797,0.5884094,0.8231348
957,986,986,0,0.9458503,0.6062007,0.7875586
958,987,987,0,0.9447241,0.6063264,0.7873077
959,988,988,0,0.8422702,0.5883369,0.823281
960,989,989,0,0.9506021,0.6082852,0.7833906
961,990,990,0,0.996422,0.6184828,0.762995
962,991,991,0,0.9964109,0.6178756,0.7642096
963,992,992,0,0.9970658,0.6176767,0.7646077
964,993,993,0,0.9969629,0.6178893,0.764183
965,994,994,0,0.9963738,0.6178359,0.7642904
966,995,995,0,0.9979012,0.6196735,0.7606144
967,996,996,0,0.995653,0.6179277,0.7641066
968,997,997,0,0.9954325,0.6174274,0.7651072
969,998,998,0,0.9959743,0.6176766,0.7646087
970,999,999,0,0.994555,0.6174952,0.7649721
971,1000,1000,0,0.9949365,0.6176863,0.7645902
972,1001,1001,0,0.9963588,0.6178507,0.7642614
973,1002,1002,0,0.9927177,0.6165993,0.7667641
974,1003,1003,0,0.9931833,0.6166101,0.7667429
975,1004,1004,0,0.9951541,0.6171212,0.765721
976,1005,1005,0,0.9920554,0.6161728,0.767618
977,1006,1006,0,0.9918773,0.6163691,0.7672256
978,1007,1007,0,0.9934865,0.6169569,0.7660498
979,1008,1008,0,0.9915873,0.6164085,0.7671469
980,1009,1009,0,0.9924016,0.6162309,0.7675024
981,1010,1010,0,0.9930903,0.6163519,0.7672604
982,1011,1011,0,0.99146,0.6164547,0.767055
983,1012,1012,0,0.9914255,0.616518,0.7669283
984,1013,1013,0,0.9946648,0.6173778,0.7652084
985,1014,1014,1,0.9923286,0.6168055,0.7663534
986,1015,1015,1,0.9917706,0.6162465,0.7674713
987,1016,1016,0,0.9922342,0.6163113,0.7673415
988,1017,1017,0,0.9915237,0.6158451,0.7682738
989,1018,1018,0,0.9902384,0.6155452,0.7688736
990,1019,1019,0,0.9991991,0.6194431,0.7610773
991,1020,1020,0,0.9988939,0.6193351,0.7612931
992,1021,1021,0,0.9990129,0.6194736,0.7610164
993,1022,1022,0,0.9995338,0.6197683,0.7604266
994,1023,1023,0,0.9992414,0.6195363,0.7608908
995,1024,1024,0,0.9992588,0.6194555,0.7610523
996,1025,1025,0,0.7749196,0.5625784,0.8747754
997,1026,1026,0,0.9910079,0.6140073,0.7719488
998,1027,1027,0,0.9917997,0.6162973,0.7673692
999,1028,1028,0,0.9918306,0.6158231,0.7683176
1000,1029,1029,0,0.9927592,0.6161082,0.7677473
1001,1030,1030,0,0.9912977,0.6153729,0.7692181
1002,1031,1031,0,0.9943521,0.6158325,0.7682987
1003,1032,1032,0,0.9912295,0.6154556,0.7690529
1004,1033,1033,0,0.9907455,0.6153288,0.7693064
1005,1034,1034,0,0.9951091,0.6164539,0.767056
1006,1035,1035,0,0.9926446,0.6158959,0.7681722
1007,1036,1036,0,0.9923334,0.6159606,0.7680429
1008,1037,1037,0,0.997108,0.6178265,0.7643107
1009,1038,1038,0,0.9940319,0.6174443,0.7650754
1010,1039,1039,0,0.9936701,0.6171309,0.7657025
1011,1040,1040,0,0.9948052,0.6168349,0.7662944
1012,1041,1041,0,0.9946442,0.6173392,0.7652859
1013,1042,1042,0,0.9948883,0.6165414,0.7668813
1014,1043,1043,0,0.995975,0.6173502,0.7652635
1015,1044,1044,0,0.9057574,0.595487,0.8089865
1016,1045,1045,0,0.9960471,0.6160395,0.7678856
1017,1046,1046,0,0.9966097,0.6167582,0.7664479
1018,1047,1047,0,0.996564,0.6168406,0.7662832
1019,1048,1048,0,0.9966261,0.6170003,0.7659638
1020,1049,1049,0,0.9980599,0.6168833,0.7661974
1021,1050,1050,0,0.9969189,0.6163959,0.7671725
1022,1051,1051,0,0.9970978,0.6171218,0.765721
1023,1052,1052,0,0.9973581,0.6172932,0.7653782
1024,1053,1053,0,0.998163,0.618228,0.7635086
1025,1054,1054,0,0.9974855,0.6176137,0.764737
1026,1055,1055,0,0.9976975,0.617228,0.7655088
1027,1056,1056,0,0.9978464,0.6177979,0.764369
1028,1057,1057,0,0.9974845,0.6176164,0.7647318
1029,1058,1058,0,0.999085,0.6188871,0.76219
1030,1059,1059,0,0.997867,0.6180276,0.7639092
1031,1060,1060,0,0.9975348,0.6175156,0.7649335
1032,1061,1061,0,0.9980443,0.6176764,0.7646117
1033,1062,1062,0,0.9975588,0.6176844,0.7645957
1034,1063,1063,0,0.9979095,0.6179685,0.7640275
1035,1064,1064,0,0.9978113,0.6176434,0.7646776
1036,1065,1065,0,0.9973021,0.6173467,0.7652712
1037,1066,1066,0,0.9979566,0.6177558,0.7644527
1038,1067,1067,0,0.9982526,0.6181482,0.7636678
1039,1068,1068,0,0.9978951,0.6176702,0.7646239
1040,1069,1069,0,0.9980385,0.6175632,0.7648382
1041,1070,1070,0,0.9982538,0.618167,0.7636304
1042,1071,1071,0,0.9977602,0.6176702,0.7646239
1043,1072,1072,0,0.9975377,0.6178579,0.7642487
1044,1073,1073,0,0.9995567,0.6195202,0.7609234
1045,1074,1074,0,0.9976429,0.6179081,0.7641482
1046,1075,1075,0,0.9973187,0.6174819,0.7650007
1047,1076,1076,0,0.9988872,0.6186158,0.7627326
1048,1077,1077,0,0.9976462,0.6179748,0.7640148
1049,1078,1078,0,0.9976051,0.6180438,0.7638768
1050,1079,1079,0,0.9986818,0.6185876,0.7627891
1051,1080,1080,0,0.9953336,0.6167749,0.7664148
1052,1081,1081,0,0.9955315,0.6168752,0.7662143
1053,1082,1082,0,0.9968163,0.6172673,0.7654299
1054,1083,1083,0,0.9957653,0.6170235,0.7659177
1055,1084,1084,0,0.9962314,0.6170396,0.7658854
1056,1085,1085,0,0.9975025,0.6178873,0.7641898
1057,1086,1086,0,0.9960334,0.6169855,0.7659935
1058,1087,1087,0,0.9955845,0.6171161,0.7657324
1059,1088,1088,0,0.9963275,0.617277,0.7654106
1060,1089,1089,0,0.995939,0.6175106,0.7649432
1061,1090,1090,0,0.9961408,0.6174213,0.7651218
1062,1091,1091,0,0.99812,0.6183345,0.763295
1063,1092,1092,0,0.995337,0.6168691,0.7662259
1064,1093,1093,0,0.9952977,0.6164861,0.7669923
1065,1094,1094,0,0.9977203,0.6178403,0.7642835
1066,1095,1095,0,0.9955938,0.617211,0.7655424
1067,1096,1096,0,0.9948055,0.6163903,0.7671839
1068,1097,1097,0,0.9963579,0.6171022,0.7657601
1069,1098,1098,0,0.9944764,0.6162059,0.7675526
1070,1099,1099,0,0.9950975,0.6160145,0.7679356
1071,1100,1100,0,0.9982366,0.6176399,0.7646844
1072,1101,1101,0,0.9948285,0.6157907,0.7683834
1073,1102,1102,0,0.9959897,0.616372,0.7672204
1074,1103,1103,0,0.9961723,0.6162366,0.7674915
1075,1104,1104,0,0.9959484,0.6162509,0.7674629
1076,1105,1105,0,0.9958881,0.6164005,0.7671638
1077,1106,1106,0,0.99718,0.6172266,0.7655112
1078,1107,1107,0,0.994883,0.6162586,0.7674477
1079,1108,1108,0,0.9945281,0.6158866,0.7681916
1080,1109,1109,0,0.9961542,0.6165748,0.7668152
1081,1110,1110,0,0.9937472,0.6155297,0.7689055
1082,1111,1111,0,0.993591,0.615458,0.7690489
1083,1112,1112,0,0.9959183,0.6165974,0.76677
1084,1113,1113,0,0.9926913,0.6152086,0.7695476
1085,1114,1114,0,0.9906998,0.6143535,0.7712581
1086,1115,1115,0,0.9944916,0.6152409,0.7694829
1087,1116,1116,0,0.9946222,0.6161414,0.767682
1088,1117,1117,0,0.9924411,0.6151667,0.7696314
1089,1118,1118,0,0.993099,0.6152368,0.7694912
1090,1119,1119,0,0.9917619,0.615165,0.7696348
1091,1120,1120,0,0.9937688,0.6155793,0.7688058
1092,1121,1121,0,0.9938853,0.6154466,0.7690712
1093,1122,1122,0,0.9932826,0.6154656,0.7690332
1094,1123,1123,0,0.9928063,0.6152143,0.7695357
1095,1124,1124,0,0.9930366,0.6153511,0.7692621
1096,1125,1125,0,0.9928977,0.615164,0.769636
1097,1126,1126,0,0.9937678,0.615802,0.7683601
1098,1127,1127,0,0.9951603,0.616324,0.7673159
1099,1128,1128,0,0.9914214,0.6147491,0.770466
1100,1129,1129,1,0.7055511,0.5547383,0.8904499
1101,1130,1130,1,0.7488526,0.5623673,0.8752032
1102,1131,1131,1,0.6298876,0.5425233,0.9148499
1103,1132,1132,1,0.632879,0.5420194,0.9158503
1104,1133,1133,1,0.7676024,0.565912,0.8681163
1105,1134,1134,1,0.5139638,0.5199256,0.9596982
1106,1135,1135,1,0.5199977,0.522603,0.9544554
1107,1136,1136,1,0.4798836,0.5124835,0.9741697
1108,1137,1137,1,0.4758575,0.5095136,0.979821
1109,1138,1138,1,0.4418578,0.5075454,0.9830793
1110,1139,1139,1,0.6781129,0.54788,0.9041412
1111,1140,1140,1,0.4221656,0.5074874,0.9830196
1112,1141,1141,0,0.8115595,0.5773844,0.8451772
1113,1142,1142,0,0.8881031,0.5961847,0.8075889
1114,1143,1143,0,0.9043869,0.6000306,0.7998987
1115,1144,1144,0,0.9167553,0.6026933,0.7945743
1116,1145,1145,0,0.9376695,0.6061779,0.7876061
1117,1146,1146,0,0.9545311,0.6094397,0.7810829
1118,1147,1147,0,0.5223455,0.5278967,0.9439825
1119,1148,1148,0,0.5264054,0.52395,0.9517411
1120,1149,1149,0,0.516337,0.5219757,0.9556378
1121,1150,1150,0,0.5217364,0.520394,0.9585723
1122,1151,1151,0,0.9691669,0.6121353,0.7756895
1123,1152,1152,0,0.8869929,0.6011893,0.7975777
1124,1153,1153,0,0.88268,0.6002973,0.7993619
1125,1154,1154,0,0.8907881,0.6019698,0.7960175
1126,1155,1155,0,0.8943067,0.6020982,0.7957608
1127,1156,1156,0,0.9567782,0.6116038,0.7767532
1128,1157,1157,0,0.96201,0.6127473,0.7744673
1129,1158,1158,0,0.9658175,0.6131822,0.7735978
1130,1159,1159,0,0.9631678,0.6116445,0.7766733
1131,1160,1160,0,0.9644351,0.6112615,0.77744
1132,1161,1161,0,0.9620008,0.6102967,0.7793697
1133,1162,1162,0,0.9591699,0.6093246,0.7813138
1134,1163,1163,0,0.8699048,0.5945372,0.8108837
1135,1164,1164,0,0.5599318,0.5259681,0.9477128
1136,1165,1165,0,0.5636948,0.5226805,0.9541498
1137,1166,1166,0,0.5714876,0.5237784,0.9519824
1138,1167,1167,0,0.6346888,0.536629,0.926523
1139,1168,1168,0,0.6398642,0.5371473,0.9254985
1140,1169,1169,0,0.74496,0.5630803,0.8737516
1141,1170,1170,0,0.7770889,0.5712076,0.8575159
1142,1171,1171,0,0.7546242,0.5659951,0.8679302
1143,1172,1172,0,0.7944916,0.5757856,0.8483679
1144,1173,1173,0,0.7337627,0.5613812,0.8771596
1145,1174,1174,0,0.7404247,0.5612994,0.8773224
1146,1175,1175,0,0.8429325,0.5880589,0.8238347
1147,1176,1176,0,0.7454858,0.5635391,0.8728516
1148,1177,1177,0,0.7571747,0.5683868,0.8631637
1149,1178,1178,0,0.7617444,0.5706889,0.8585631
1150,1179,1179,0,0.6548965,0.5363491,0.927127
1151,1180,1180,0,0.7642444,0.5670305,0.865876
1152,1181,1181,0,0.796212,0.5757598,0.8484263
1153,1182,1182,0,0.7516531,0.5638459,0.8722429
1154,1183,1183,0,0.7482361,0.5629836,0.873966
1155,1184,1184,0,0.7337092,0.5578842,0.8841497
1156,1185,1185,0,0.7240949,0.5564678,0.8869823
1157,1186,1186,0,0.7191275,0.5547615,0.8903926
1158,1187,1187,0,0.9388164,0.6083186,0.7833241
1159,1188,1188,0,0.6983739,0.5528999,0.8941129
1160,1189,1189,0,0.6983569,0.5503353,0.8992396
1161,1190,1190,0,0.7359591,0.561565,0.8768015
1162,1191,1191,0,0.6846477,0.5475721,0.9047631
1163,1192,1192,0,0.6894942,0.5498146,0.900287
1164,1193,1193,0,0.6964281,0.5514422,0.8970327
1165,1194,1194,0,0.7568684,0.5691174,0.8617089
1166,1195,1195,0,0.7621487,0.5704433,0.859058
1167,1196,1196,0,0.7712012,0.5735701,0.8528085
1168,1197,1197,0,0.7761647,0.5761006,0.8477497
1169,1198,1198,0,0.784571,0.5765839,0.8467838
1170,1199,1199,0,0.7877141,0.5772645,0.8454235
1171,1200,1200,0,0.7941589,0.5791699,0.8416145
1172,1201,1201,0,0.7983831,0.5803446,0.8392659
1173,1202,1202,0,0.9129475,0.6020559,0.7958503
1174,1203,1203,0,0.8073525,0.5844027,0.8311521
1175,1204,1204,0,0.8096302,0.5836252,0.8327069
1176,1205,1205,0,0.8385578,0.5904623,0.8190351
1177,1206,1206,0,0.8228295,0.5877762,0.8244065
1178,1207,1207,0,0.8300393,0.588247,0.8234652
1179,1208,1208,0,0.8327491,0.5890535,0.8218526
1180,1209,1209,0,0.8320938,0.5886488,0.8226618
1181,1210,1210,0,0.8328839,0.5878536,0.8242521
1182,1211,1211,0,0.8052748,0.5828969,0.8341634
1183,1212,1212,0,0.8440737,0.5908472,0.8182654
1184,1213,1213,0,0.8032441,0.5830961,0.8337642
1185,1214,1214,0,0.874129,0.5954039,0.8091529
1186,1215,1215,0,0.8547803,0.5928618,0.8142369
1187,1216,1216,0,0.8562274,0.5933881,0.8131843
1188,1217,1217,0,0.8741447,0.5954203,0.8091207
1189,1218,1218,0,0.7764637,0.5784655,0.8430248
1190,1219,1219,0,0.7758662,0.5763118,0.8473313
1191,1220,1220,0,0.8694014,0.5937182,0.8125244
1192,1221,1221,0,0.783053,0.5793983,0.841159
1193,1222,1222,0,0.7914323,0.5816402,0.8366767
1194,1223,1223,0,0.913393,0.6020926,0.7957774
1195,1224,1224,0,0.7987411,0.5839782,0.8320016
1196,1225,1225,0,0.7993699,0.5826954,0.8345665
1197,1226,1226,0,0.9197276,0.6020185,0.7959256
1198,1227,1227,0,0.7591395,0.5758953,0.8481628
1199,1228,1228,0,0.8009677,0.5825871,0.8347822
1200,1229,1229,0,0.927071,0.6043082,0.7913463
1201,1230,1230,0,0.7995234,0.5836155,0.8327262
1202,1231,1231,0,0.7911622,0.5813397,0.8372768
1203,1232,1232,0,0.8187721,0.5857005,0.8285559
1204,1233,1233,0,0.75007,0.5745037,0.850944
1205,1234,1234,0,0.7545509,0.5726866,0.8545778
1206,1235,1235,1,0.7460419,0.5716494,0.8566514
1207,1236,1236,1,0.7373256,0.570219,0.8595095
1208,1237,1237,1,0.7416545,0.5731642,0.8536208
1209,1238,1238,1,0.7323308,0.5698276,0.8602889
1210,1239,1239,1,0.7216442,0.5691153,0.8617108
1211,1240,1240,1,0.7150519,0.5646964,0.8705441
1212,1241,1241,1,0.7109856,0.5629535,0.8740242
1213,1242,1242,1,0.6697597,0.55387,0.892163
1214,1243,1243,1,0.6712614,0.5548657,0.8901834
1215,1244,1244,1,0.7309514,0.5663213,0.8672879
1216,1245,1245,1,0.7159432,0.5662128,0.8674996
1217,1246,1246,1,0.748383,0.5692721,0.8613908
1218,1247,1247,1,0.7792765,0.5840899,0.8317676
1219,1248,1248,1,0.7575451,0.5781012,0.8437405
1220,1249,1249,1,0.7471512,0.5701627,0.8596079
1221,1250,1250,1,0.9940754,0.6143014,0.7713588
1222,1251,1251,1,0.9931982,0.6156588,0.7686445
1223,1252,1252,1,0.9930679,0.6153098,0.7693421
1224,1253,1253,1,0.9926522,0.6154305,0.7691007
1225,1254,1254,1,0.9923784,0.615351,0.7692597
1226,1255,1255,1,0.9931836,0.6159887,0.7679847
1227,1256,1256,1,0.9954824,0.616712,0.7665383
1228,1257,1257,1,0.6034529,0.5364977,0.9267349
1229,1258,1258,1,0.6234164,0.5406824,0.9184339
1230,1259,1259,1,0.8855173,0.6009749,0.7980068
1231,1260,1260,1,0.6230429,0.5467113,0.9064125
1232,1261,1261,1,0.9937332,0.6150382,0.7698855
1233,1262,1262,1,0.9963959,0.6171172,0.7657273
1234,1263,1263,1,0.9947315,0.6161885,0.7675843
1235,1264,1264,1,0.5621958,0.5249478,0.9497136
1236,1265,1265,1,0.8466548,0.588864,0.8222212
1237,1266,1266,1,0.8064752,0.5795015,0.8409412
1238,1267,1267,1,0.6742687,0.5427443,0.9143487
1239,1268,1268,0,0.993662,0.6151897,0.7695821
1240,1269,1269,0,0.9942862,0.6148276,0.7703062
1241,1270,1270,0,0.5593901,0.5154299,0.9681512
1242,1271,1271,0,0.5468374,0.5104404,0.9774244
1243,1272,1272,0,0.9904982,0.6122338,0.7754941
1244,1273,1273,0,0.9921319,0.6163781,0.7672067
1245,1274,1274,0,0.9944045,0.617025,0.7659132
1246,1275,1275,0,0.9933561,0.6154464,0.7690701
1247,1276,1276,0,0.9936908,0.6138651,0.7722322
1248,1277,1277,0,0.9939626,0.615029,0.7699047
1249,1278,1278,0,0.9948496,0.6164871,0.7669888
1250,1279,1279,0,0.9916902,0.616037,0.7678898
1251,1280,1280,0,0.9929858,0.6168508,0.7662619
1252,1281,1281,0,0.9926466,0.6168112,0.7663409
1253,1282,1282,0,0.9925029,0.6150075,0.7699478
1254,1283,1283,0,0.9930307,0.6155327,0.7688977
1255,1284,1284,0,0.9952201,0.6173112,0.7653406
1256,1285,1285,0,0.9936835,0.6168904,0.7661823
1257,1286,1286,0,0.9972459,0.6189815,0.7619996
1258,1287,1287,0,0.9941211,0.6173049,0.7653531
1259,1288,1288,0,0.9936398,0.6164967,0.7669698
1260,1289,1289,0,0.9935274,0.615486,0.7689914
1261,1290,1290,0,0.9922695,0.6155866,0.7687903
1262,1291,1291,0,0.991101,0.6149234,0.7701167
1263,1292,1292,0,0.992358,0.6149294,0.7701045
1264,1293,1293,0,0.9917519,0.6162492,0.7674648
1265,1294,1294,0,0.9925365,0.6154549,0.7690538
1266,1295,1295,0,0.9921195,0.6140044,0.7719547
1267,1296,1296,0,0.9910325,0.6135128,0.7729378
1268,1297,1297,0,0.9915047,0.6160205,0.7679224
1269,1298,1298,0,0.483059,0.5085821,0.9813761
1270,1299,1299,0,0.5255354,0.5131327,0.9730586
1271,1300,1300,0,0.520878,0.5129828,0.9733534
1272,1301,1301,0,0.5310354,0.5176495,0.9642767
1273,1302,1302,0,0.9907786,0.6126975,0.7745678
1274,1303,1303,0,0.9900247,0.6156682,0.7686266
1275,1304,1304,0,0.9890985,0.6144354,0.771092
1276,1305,1305,0,0.9899827,0.6134954,0.7729722
1277,1306,1306,0,0.9895162,0.6133677,0.7732278
1278,1307,1307,0,0.9896674,0.6146368,0.7706896
1279,1308,1308,0,0.9873635,0.6158108,0.7683417
1280,1309,1309,0,0.987663,0.6158186,0.7683259
1281,1310,1310,0,0.9879341,0.6145734,0.7708155
1282,1311,1311,0,0.528982,0.5141642,0.9709181
1283,1312,1312,0,0.9911001,0.611545,0.7768709
1284,1313,1313,0,0.9914485,0.6154982,0.7689657
1285,1314,1314,0,0.9914209,0.6169735,0.7660156
1286,1315,1315,0,0.9901856,0.6164208,0.767121
1287,1316,1316,0,0.9906004,0.6151828,0.7695966
1288,1317,1317,0,0.9936725,0.6161017,0.767759
1289,1318,1318,0,0.9923533,0.616308,0.767347
1290,1319,1319,0,0.9912091,0.6159568,0.7680492
1291,1320,1320,0,0.9922203,0.616638,0.7666869
1292,1321,1321,0,0.9916127,0.6163161,0.7673308
1293,1322,1322,0,0.9946734,0.6164765,0.7670098
1294,1323,1323,0,0.9944628,0.6145399,0.7708831
1295,1324,1324,0,0.9956819,0.6153754,0.7692126
1296,1325,1325,0,0.9956753,0.6155269,0.7689099
1297,1326,1326,0,0.9952061,0.6157586,0.7684464
1298,1327,1327,0,0.9972328,0.6186889,0.7625853
1299,1328,1328,0,0.994101,0.6177804,0.7644026
1300,1329,1329,0,0.8786155,0.5897472,0.8204618
1301,1330,1330,0,0.7942358,0.5666401,0.8666577
1302,1331,1331,0,0.846955,0.5798985,0.8401554
1303,1332,1332,0,0.8335948,0.5763161,0.8473145
1304,1333,1333,0,0.8019879,0.5658102,0.8683144
1305,1334,1334,0,0.7752251,0.5608253,0.8782763
1306,1335,1335,0,0.7724426,0.5652905,0.8693514
1307,1336,1336,0,0.802529,0.5722119,0.855514
1308,1337,1337,0,0.8245946,0.5794276,0.8410885
1309,1338,1338,0,0.8677942,0.5892122,0.8215268
1310,1339,1339,0,0.9589161,0.6099827,0.7799959
1311,1340,1340,0,0.912154,0.5992585,0.8014399
1312,1341,1341,0,0.9319385,0.6033051,0.7933488
1313,1342,1342,0,0.9789398,0.6137722,0.7724174
1314,1343,1343,0,0.949002,0.6071981,0.7855648
1315,1344,1344,0,0.9494352,0.605647,0.7886663
1316,1345,1345,0,0.9803227,0.6126398,0.7746832
1317,1346,1346,0,0.9522001,0.6065964,0.7867686
1318,1347,1347,0,0.6930475,0.5526006,0.894707
1319,1348,1348,0,0.9579244,0.607033,0.7858961
1320,1349,1349,0,0.9233352,0.6006556,0.7986487
1321,1350,1350,0,0.9266058,0.6011115,0.7977352
1322,1351,1351,0,0.65342,0.5461057,0.9076675
1323,1352,1352,0,0.932282,0.6008174,0.7983245
1324,1353,1353,0,0.9372671,0.6025916,0.7947763
1325,1354,1354,0,0.9366965,0.603484,0.7929918
1326,1355,1355,0,0.9445838,0.6056232,0.7887142
1327,1356,1356,0,0.5547732,0.5199845,0.9595114
1328,1357,1357,0,0.539117,0.512193,0.9743505
1329,1358,1358,0,0.5403304,0.5115215,0.9754061
1330,1359,1359,0,0.5602561,0.5181611,0.9627104
1331,1360,1360,0,0.992605,0.6158355,0.76829
1332,1361,1361,0,0.9920138,0.6162018,0.7675576
1333,1362,1362,0,0.9927292,0.6156557,0.7686499
1334,1363,1363,0,0.991998,0.6146955,0.77057
1335,1364,1364,0,0.9919424,0.6154442,0.7690729
1336,1365,1365,0,0.9925422,0.6155457,0.7688704
1337,1366,1366,0,0.992345,0.617156,0.7656503
1338,1367,1367,0,0.9928708,0.6168667,0.766229
1339,1368,1368,0,0.6542192,0.5371377,0.9255024
1340,1369,1369,0,0.6709681,0.5417706,0.9163043
1341,1370,1370,0,0.686717,0.5441163,0.9116369
1342,1371,1371,0,0.7053123,0.5503125,0.8992738
1343,1372,1372,0,0.7477313,0.5605841,0.8787599
1344,1373,1373,0,0.7587524,0.5650384,0.8698587
1345,1374,1374,0,0.8342732,0.583189,0.8335754
1346,1375,1375,0,0.7138789,0.5572084,0.8855119
1347,1376,1376,0,0.9927905,0.6147081,0.7705466
1348,1377,1377,0,0.9956104,0.6174715,0.7650197
1349,1378,1378,0,0.9928877,0.6156132,0.7687368
1350,1379,1379,0,0.9928634,0.6159437,0.768076
1351,1380,1380,0,0.9941867,0.6159725,0.7680181
1352,1381,1381,0,0.993202,0.6156952,0.768573
1353,1382,1382,0,0.9929727,0.615581,0.7688016
1354,1383,1383,0,0.9943489,0.616699,0.7665654
1355,1384,1384,0,0.9926064,0.6157885,0.7683868
1356,1385,1385,0,0.9925049,0.6157185,0.7685266
1357,1386,1386,0,0.993574,0.616378,0.7672077
1358,1387,1387,0,0.9920449,0.6151509,0.7696623
1359,1388,1388,0,0.9928564,0.6156496,0.768665
1360,1389,1389,0,0.9947968,0.6166605,0.7666434
1361,1390,1390,0,0.9916647,0.6148398,0.7702848
1362,1391,1391,0,0.9915732,0.6149995,0.7699656
1363,1392,1392,0,0.9961351,0.6172389,0.7654865
1364,1393,1393,0,0.9911005,0.6149589,0.7700467
1365,1394,1394,0,0.9918991,0.6152859,0.7693928
1366,1395,1395,0,0.9929637,0.6156439,0.7686769
1367,1396,1396,0,0.9928505,0.6159168,0.7681311
1368,1397,1397,0,0.9929584,0.6159837,0.7679971
1369,1398,1398,0,0.9942682,0.6165103,0.7669439
1370,1399,1399,0,0.9929708,0.6160651,0.7678345
1371,1400,1400,0,0.9929975,0.6156223,0.7687203
1372,1401,1401,0,0.9968247,0.6177484,0.7644678
1373,1402,1402,0,0.9922295,0.616272,0.7674211
1374,1403,1403,0,0.9913353,0.6158693,0.7682264
1375,1404,1404,0,0.9942163,0.6167243,0.7665164
1376,1405,1405,0,0.9913415,0.6157616,0.7684419
1377,1406,1406,0,0.9913683,0.6156262,0.7687127
1378,1407,1407,0,0.9956718,0.6170141,0.7659369
1379,1408,1408,0,0.9939731,0.6168491,0.7662665
1380,1409,1409,0,0.9939429,0.6166903,0.7665842
1381,1410,1410,0,0.9967806,0.6175424,0.7648796
1382,1411,1411,0,0.9928166,0.6161401,0.7676845
1383,1412,1412,0,0.9937514,0.6163521,0.7672603
1384,1413,1413,0,0.9976583,0.6178504,0.7642633
1385,1414,1414,0,0.7622325,0.5619149,0.876104
1386,1415,1415,0,0.7188055,0.5503866,0.8991379
1387,1416,1416,0,0.9515229,0.604256,0.7914506
1388,1417,1417,0,0.9906055,0.6155101,0.7689438
1389,1418,1418,0,0.994803,0.6168652,0.7662331
1390,1419,1419,0,0.9975825,0.6165184,0.7669264
1391,1420,1420,0,0.9951302,0.6154473,0.7690689
1392,1421,1421,0,0.9952736,0.6160719,0.7678196
1393,1422,1422,0,0.9957356,0.6169748,0.7660137
1394,1423,1423,0,0.9955565,0.6174448,0.7650738
1395,1424,1424,0,0.9957662,0.6173331,0.7652973
1396,1425,1425,0,0.9960682,0.6172202,0.7655227
1397,1426,1426,0,0.9224354,0.6008324,0.7982956
1398,1427,1427,0,0.9376726,0.6044008,0.7911603
1399,1428,1428,0,0.9453993,0.6056066,0.7887487
1400,1429,1429,0,0.9381142,0.603017,0.7939276
1401,1430,1430,0,0.5224308,0.5116811,0.9756342
1402,1431,1431,0,0.5341494,0.512857,0.973436
1403,1432,1432,0,0.4789144,0.505037,0.9865603
1404,1433,1433,0,0.4949837,0.5061279,0.9852787
1405,1434,1434,0,0.5104471,0.5115361,0.9758437
1406,1435,1435,0,0.5143297,0.513993,0.9711991
1407,1436,1436,0,0.5183641,0.5115792,0.9758198
1408,1437,1437,0,0.5189946,0.5076678,0.9825923
1409,1438,1438,0,0.5485562,0.5123683,0.9741803
1410,1439,1439,0,0.9926904,0.6140856,0.7717898
1411,1440,1440,0,0.5665389,0.5141481,0.9706736
1412,1441,1441,0,0.5556974,0.5120191,0.9745917
1413,1442,1442,0,0.7506961,0.5527375,0.8944016
1414,1443,1443,0,0.4003522,0.4956289,0.9820624
1415,1444,1444,0,0.4094187,0.4968598,0.9837517
1416,1445,1445,0,0.8966874,0.5890167,0.8219129
1417,1446,1446,0,0.4108014,0.498255,0.9854534
1418,1447,1447,0,0.4169242,0.4982048,0.9855834
1419,1448,1448,0,0.9927422,0.6104052,0.7791458
1420,1449,1449,0,0.9915984,0.6132523,0.7734518
1421,1450,1450,0,0.9898748,0.6142666,0.7714247
1422,1451,1451,0,0.9945652,0.6148807,0.7701967
1423,1452,1452,0,0.4431107,0.5025747,0.9879689
1424,1453,1453,0,0.4855889,0.5045403,0.986665
1425,1454,1454,0,0.9076563,0.5981812,0.8035868
1426,1455,1455,0,0.4164834,0.4995255,0.9877816
1427,1456,1456,0,0.5555254,0.5144858,0.9700381
1428,1457,1457,0,0.8889655,0.5951299,0.8096867
1429,1458,1458,0,0.8909746,0.5955813,0.8087851
1430,1459,1459,0,0.8870046,0.5955088,0.8089292
1431,1460,1460,0,0.7731355,0.5723834,0.8551508
1432,1461,1461,0,0.5747727,0.5279419,0.9438133
1433,1462,1462,0,0.4258341,0.504711,0.9866875
1434,1463,1463,0,0.9831473,0.6119574,0.7760426
1435,1464,1464,0,1,0.6219497,0.7560586
1436,1465,1465,0,0.4253976,0.5036855,0.9878548
1437,1466,1466,0,0.8725739,0.5937656,0.812418
1438,1467,1467,0,0.4393067,0.5060552,0.984774
1439,1468,1468,0,0.9663364,0.6071956,0.7855652
1440,1469,1469,0,0.9798306,0.6123865,0.7751852
1441,1470,1470,0,0.5692455,0.5245012,0.9506037
1442,1471,1471,0,0.9811725,0.6109658,0.7780259
1443,1472,1472,0,0.9287947,0.6030879,0.7937768
1444,1473,1473,0,0.4018942,0.4992313,0.9875076
1445,1474,1474,0,0.4023594,0.4987209,0.9871942
1446,1475,1475,0,0.8836991,0.5913495,0.817245
1447,1476,1476,0,0.7638898,0.5654579,0.868987
1448,1477,1477,0,0.7552451,0.5631182,0.8736612
1449,1478,1478,0,0.8681588,0.5894226,0.8210943
1450,1479,1479,0,0.7349616,0.5597095,0.8804623
1451,1480,1480,0,0.7167484,0.5552205,0.8894018
1452,1481,1481,0,0.9935184,0.6170806,0.7657945
1453,1482,1482,0,0.99274,0.6179108,0.7641349
1454,1483,1483,0,0.9921861,0.6180634,0.7638301
1455,1484,1484,0,0.9938239,0.6181911,0.7635742
1456,1485,1485,0,0.9919279,0.6157069,0.768542
1457,1486,1486,0,0.9919946,0.6157178,0.7685207
1458,1487,1487,0,0.9950953,0.6176676,0.7646236
1459,1488,1488,0,0.9920363,0.6178204,0.7643183
1460,1489,1489,0,0.9920536,0.6169547,0.7660494
1461,1490,1490,0,0.9965407,0.6180944,0.7637703
1462,1491,1491,0,0.9964982,0.6174443,0.7650701
1463,1492,1492,0,0.9951527,0.6164383,0.7670828
1464,1493,1493,0,0.9964592,0.6180745,0.7638114
1465,1494,1494,0,0.9962564,0.6170864,0.7657867
1466,1495,1495,0,0.9960775,0.616492,0.7669758
1467,1496,1496,0,0.9956878,0.6172131,0.7655339
1468,1497,1497,0,0.9949015,0.6154427,0.7690747
1469,1498,1498,0,0.9950265,0.6136599,0.7726405
1470,1499,1499,0,0.994916,0.6147901,0.7703807
1471,1500,1500,0,0.9937286,0.6156437,0.768674
1472,1501,1501,0,0.9928636,0.6149549,0.7700515
1473,1502,1502,0,0.9962432,0.6167074,0.7665468
1474,1503,1503,0,0.9927381,0.6152501,0.7694617
1475,1504,1504,0,0.9920354,0.6150982,0.7697659
1476,1505,1505,0,0.9959317,0.6165829,0.7667965
1477,1506,1506,0,0.9913977,0.6152679,0.7694266
1478,1507,1507,0,0.992257,0.6155817,0.7687991
1479,1508,1508,0,0.9961017,0.6176811,0.7645997
1480,1509,1509,0,0.9931447,0.6160679,0.7678266
1481,1510,1510,0,0.9936059,0.6163023,0.7673578
1482,1511,1511,0,0.9962729,0.6177962,0.7643699
1483,1512,1512,0,0.9930182,0.6159041,0.7681543
1484,1513,1513,0,0.9930197,0.6159314,0.7680997
1485,1514,1514,0,0.997457,0.6181322,0.763698
1486,1515,1515,0,0.9927266,0.6155041,0.7689541
1487,1516,1516,0,0.9918481,0.6149161,0.7701302
1488,1517,1517,0,0.9959657,0.616648,0.7666666
1489,1518,1518,0,0.9908943,0.6144252,0.7711122
1490,1519,1519,0,0.9908074,0.6145138,0.7709354
1491,1520,1520,0,0.9916057,0.6148411,0.7702804
1492,1521,1521,0,0.9898295,0.6139948,0.771973
1493,1522,1522,0,0.9898896,0.6143879,0.7711868
1494,1523,1523,0,0.9937898,0.6158968,0.768169
1495,1524,1524,0,0.9900703,0.6146096,0.7707434
1496,1525,1525,0,0.9906706,0.6151046,0.7697533
1497,1526,1526,0,0.9907485,0.6151114,0.7697396
1498,1527,1527,0,0.9909535,0.6153561,0.7692502
1499,1528,1528,0,0.4533069,0.5036306,0.9887767
1500,1529,1529,0,0.5694479,0.5117814,0.9755107
1501,1530,1530,0,0.4524225,0.5023668,0.9896659
1502,1531,1531,0,0.4277425,0.5000563,0.9892952
1503,1532,1532,0,0.9882596,0.6141036,0.771754
1504,1533,1533,0,0.9902341,0.6151982,0.7695642
1505,1534,1534,0,0.9892467,0.6147009,0.7705582
1506,1535,1535,0,0.9897601,0.6151991,0.7695614
1507,1536,1536,0,0.9900057,0.6156731,0.7686139
1508,1537,1537,0,0.9900977,0.616417,0.7671265
1509,1538,1538,0,0.990213,0.6167259,0.7665089
1510,1539,1539,0,0.9903782,0.616589,0.7667827
