Policy,Seed,Success,Unsafe,Timeout,TouchdownXY,TouchdownVz,MaxTiltDeg,EnergyJ,MaxAeroForce
Manual,5000,0,1,0,0.614915439166714,3.8692270173381,12.5006970403784,103.363300640554,3.04683204647093
Manual,5001,0,1,0,1.18302031962976,3.0471140385134,10.8807421834161,116.383087885937,2.40697843489303
Manual,5002,0,1,0,0.504599784764252,4.29358320099336,8.81797775425576,76.8891721890145,3.92737004683531
Manual,5003,0,1,0,1.14318897420327,4.40231379151468,7.88007153140103,82.9689672334083,3.97784136610098
Manual,5004,0,1,0,0.560249083920343,4.52659785328622,11.7035081867478,74.9031858769092,3.99923836477884
Manual,5005,0,1,0,0.835798280842692,3.70632091418954,7.50330582727055,95.4240834782733,3.10280757124368
Manual,5006,0,1,0,12.0347547948672,6.20423792628107,17.8819897104053,728.641322290847,8.95020647262408
Manual,5007,0,1,0,9.78443305906735,6.10413402676371,13.1408846576199,690.980325215813,8.10713655170066
Manual,5008,0,1,0,8.43608863448802,5.64412903310594,9.54225432837848,669.689103644086,7.1607535605318
Manual,5009,0,1,0,0.905848807390087,3.95134840909693,3.79815820743119,84.0116699673822,3.35111504525463
Manual,5010,0,1,0,0.530200557833043,3.42691513048907,13.2835028236798,117.177494863292,2.0385035200502
Manual,5011,0,1,0,1.31433939448379,2.88030898641556,5.9669735065022,113.715807508958,2.23943559942775
Manual,5012,0,1,0,1.31427599045961,2.70389067689454,10.1792394235698,116.392116838934,2.39811687873059
Manual,5013,0,1,0,0.487145870870266,4.10401225521211,10.7367365677315,74.8262431960063,3.246907840244
Manual,5014,0,1,0,11.3277086199533,6.10833571989597,16.869950536136,670.43903747848,9.08070975528443
Manual,5015,0,1,0,8.98923008814435,6.06806809018198,10.9564093061323,613.210591788689,8.63686541719577
Manual,5016,0,1,0,1.56963895091419,4.39121354573743,7.58263883381664,72.0496645212263,4.04397312766752
Manual,5017,0,1,0,0.725547236824116,4.1860183689152,7.32571846522157,105.777782505664,3.29947298754127
Manual,5018,0,1,0,0.563216996011335,3.67515293711906,17.0761592790642,151.838704603081,2.3397559717688
Manual,5019,0,1,0,0.721674294383592,3.83377361304538,9.12184470432184,75.0629911828478,3.13340269193714
Manual,5020,0,1,0,0.825249004719306,4.3712325200142,9.66999501696434,61.2401109159291,3.93691273820193
Manual,5021,0,1,0,1.04052478007026,4.65136137178362,9.70518845620793,93.1242723001606,4.294315949578
Manual,5022,0,1,0,2.05564723398278,3.93811589372986,7.32906463121373,82.6996185906513,3.20482409096655
Manual,5023,0,1,0,1.1184719316713,3.10117457929861,17.3113875067869,157.249976524753,1.8693665851445
Manual,5024,0,1,0,2.82906746252712,3.24464687372094,25.2733564818564,190.611923178796,2.39801372959062
Manual,5025,0,1,0,1.30557892141733,4.42239801943504,14.0824787038465,558.913409362912,3.48575258762219
Manual,5026,0,1,0,0.765973872099465,3.12848786557334,10.173340846094,99.0191547991163,2.47242140014952
Manual,5027,0,1,0,1.25662539050673,2.62539617311811,8.92105237608904,108.346778465946,1.88864586739488
Manual,5028,0,1,0,0.907215285793268,4.97119649773393,14.090029135277,97.4088513096733,4.35789401167049
Manual,5029,0,1,0,1.05609866261178,4.20476717340605,5.77603610306854,68.4336334404896,3.3375086826643
Manual,5030,0,1,0,0.219404358358044,3.63230966067636,13.6710811732889,107.115590897227,2.51167152860765
Manual,5031,0,1,0,8.38883103355137,4.86227830702598,12.3283225036514,706.380188205362,6.56730256284916
Manual,5032,0,1,0,0.660960919829706,4.59409668582379,8.95940423006123,161.739932989127,4.17344315533467
Manual,5033,0,1,0,0.80314929296443,3.75755888399505,10.1172375834408,95.5230052379279,2.77243464844361
Manual,5034,0,1,0,0.696886568812684,3.99255791213333,8.77860139331372,71.082974505567,3.42105996577343
Manual,5035,0,1,0,1.87329950364116,4.24309174201923,11.1707390531716,76.3056897079607,3.53188634113745
Manual,5036,0,1,0,1.26820118876057,2.88499373376728,7.37540227575936,117.748126623166,1.92277749169133
Manual,5037,0,1,0,0.879809469403067,3.96122217649812,10.9972691300086,99.866210580893,3.06449158043047
Manual,5038,0,1,0,0.507340788313993,4.64214694492542,8.65747420461705,68.33439038953,4.1506004221031
Manual,5039,0,1,0,12.0748884451104,3.32317759871479,27.064724143834,554.100091419049,4.60287604580083
Manual,5040,0,1,0,1.12410882339816,4.12463221567952,5.45821721846317,75.5925272315336,3.29803271178261
Manual,5041,0,1,0,7.51464510201649,5.26697758384383,9.34751823316325,604.930310206122,5.82072816947406
Manual,5042,0,1,0,0.824603161384267,4.503852829342,6.37746437159452,75.8463790740975,4.06169342132439
Manual,5043,0,1,0,0.272829743402674,3.65894827165039,13.3842851002731,106.259421736543,2.52152772912979
Manual,5044,0,1,0,0.48312352107321,3.50657467657929,13.6284903278372,134.065534564801,2.4964180371168
Manual,5045,0,1,0,0.99961099059146,3.89568120602546,8.23376609085597,118.338752786233,3.261340870339
Manual,5046,0,1,0,1.1790001824753,4.15377732794234,7.71478543424543,77.1464097763924,3.27008532574515
Manual,5047,0,1,0,1.58682570001871,2.13035439361557,8.00986270565293,133.007993413603,2.86051595170673
Manual,5048,0,1,0,1.53217098443797,4.5705111162214,6.6927039647855,72.0008877762349,4.43616835913997
Manual,5049,0,1,0,1.07610059280278,3.29229619404434,4.77357797839139,98.4473504974587,2.49246577134865
Manual,5050,0,1,0,0.906609962405299,2.17421382548268,18.5038869302216,193.370023932168,1.72864508695618
Manual,5051,0,1,0,1.4791183072921,2.50813832085711,3.84666088187766,136.876751484878,1.62389122315286
Manual,5052,0,1,0,1.37258979306218,4.34308354017495,4.74958705015407,74.267150355611,3.86772686565238
Manual,5053,0,1,0,0.451724762587342,3.80200765720779,13.9854809876655,110.528940934978,2.53504101615518
Manual,5054,0,1,0,0.680927763094549,4.10842919980108,8.82392225127971,63.7684075434211,3.34856261443561
Manual,5055,0,1,0,1.31419944262262,3.89863359142497,7.0836344095292,89.0391704429692,3.03363043257729
Manual,5056,0,1,0,12.064512151988,4.19210177184707,28.2898500295877,1188.75103607719,10.1618931830521
Manual,5057,0,1,0,0.701174290888915,4.3998665370663,5.89554338548554,84.9093202646921,3.94634516415674
Manual,5058,0,1,0,1.21062342376812,4.3577734470851,9.13200194745549,82.0182753762465,3.52089400401023
Manual,5059,0,1,0,1.20434740547661,3.97079572476758,5.88276099810436,84.24170587271,3.59048516282007
Manual,5060,0,1,0,0.730635302473771,4.21556331857543,6.66711611209468,102.617340626715,3.58125713966129
Manual,5061,0,1,0,1.00925728020495,3.41722669900545,7.55180251611395,134.238003743632,2.67280376864889
Manual,5062,0,1,0,12.0346083136602,4.20596720305887,30.5620896302078,592.830641621662,7.67946862109778
Manual,5063,0,1,0,2.83310986552087,4.69444817290823,8.03077456989138,81.4231071691506,4.74413905355552
Manual,5064,0,1,0,2.06633295968719,4.14338822063096,13.9991090290481,112.44404194359,3.13027888394936
Manual,5065,0,1,0,1.06503925370926,3.3855309520598,5.6371317733453,103.338547435703,2.66438508339249
Manual,5066,0,1,0,1.0439027233749,4.3661415441874,3.87762395524484,65.5303697238035,4.45226550467353
Manual,5067,0,1,0,0.438979877533668,4.03116584033822,9.60497666635067,77.4800323580924,3.34413527947377
Manual,5068,0,1,0,1.41666666644127,5.1857075667228,11.961040018233,85.2637032343422,4.32173272023201
Manual,5069,0,1,0,0.143384917736029,5.4656597313754,9.89250125108786,690.785399481983,4.19977355593205
Manual,5070,0,1,0,0.801913739799879,1.61242756855094,16.3211559292419,198.503537489546,1.24238219973326
Manual,5071,0,1,0,0.710179626016255,3.88475206312632,12.307589796342,101.358318450631,2.65200408009855
Manual,5072,0,1,0,2.49925073317711,4.69310256123401,6.1165077343937,59.001929346867,4.53986253486328
Manual,5073,0,1,0,12.0001963500739,3.84481117235522,23.8937712338155,566.925546457004,5.26776756955779
Manual,5074,0,1,0,0.59334669406151,3.97446825993799,11.3357699448901,72.1710266319079,3.28725817936973
Manual,5075,0,1,0,12.1221297010365,3.79656842144741,27.9022484487367,1183.13930108091,7.5084228221391
Manual,5076,0,1,0,0.675728129205515,4.28960680802362,4.76443574520375,69.0049440297777,3.57644692323972
Manual,5077,0,1,0,10.9938900748609,4.56236215608475,25.26426939012,1118.6285271368,7.42494309799899
Manual,5078,0,1,0,2.99564168944673,5.04427998305052,14.6575259463377,66.4123923178298,3.88671056469123
Manual,5079,0,1,0,0.826663200935687,3.81062176633925,12.2234165952945,79.9069600674091,3.05750728709906
Manual,5080,0,1,0,0.340747195329941,4.15231061007559,7.46852291369333,73.0388696066327,3.43702037585082
Manual,5081,0,1,0,6.35893101649242,3.83273038375515,4.80361818530213,489.175665128748,3.77804502129471
Manual,5082,0,1,0,0.15518652754531,3.58182326066009,15.2707040746513,137.951763696311,2.3539282854457
Manual,5083,0,1,0,0.667686021336512,4.36894062868742,5.84047480300768,68.7891145794635,4.24400966767179
Manual,5084,0,1,0,0.194452547609156,3.16789897942361,11.7715663469492,136.361754060852,2.27482376961133
Manual,5085,0,1,0,3.36861500980779,4.7776479317329,12.5744119223039,87.9255670338964,4.62040057969033
Manual,5086,0,1,0,0.921018826629586,4.02638600412483,9.72226248063077,82.511541072994,3.16219796675604
Manual,5087,0,1,0,7.59749235189039,2.63138065761368,14.6331288229033,750.955435128541,5.6185255055898
Manual,5088,0,1,0,12.0457517088457,4.86264031763824,27.5145786686011,617.270436724031,8.06741322922608
Manual,5089,0,1,0,9.16728283156882,6.15953480646272,9.79664477888479,590.519259531255,8.83949711315006
Manual,5090,0,1,0,8.90779589732474,5.74687510138746,11.2620512727133,686.618406205364,7.4946652827176
Manual,5091,0,1,0,9.45454469638992,5.67554132946631,14.0093067092695,718.189990779551,7.90759053398634
Manual,5092,0,1,0,10.3894812377541,6.1039591114705,15.2179433776025,754.695162380855,8.25963958527957
Manual,5093,0,1,0,7.90096385737619,4.88545327819344,10.3462610946731,683.825013897344,6.61483172391226
Manual,5094,0,1,0,12.0754873904612,6.22395213859538,16.8211552997005,740.223939597755,9.12340576697177
Manual,5095,0,1,0,0.875065159619494,2.47744314520857,13.8901229899318,164.664315901011,1.84243381617929
Manual,5096,0,1,0,1.21747053010116,4.0201511796355,6.67198445737824,76.8779835479725,3.48921207490067
Manual,5097,0,1,0,0.978628496661311,3.7797795180505,6.07923351159849,124.006096109567,3.32637815306093
Manual,5098,0,1,0,1.46998118928765,3.84386379434824,12.4246104012618,118.91458580877,3.33485118606093
Manual,5099,0,1,0,0.816588230125279,4.30763377899959,11.1838872502913,74.5518089992392,3.61062609996967
Manual,5100,0,1,0,1.76200438169949,4.75274786677709,11.9391858206503,76.7389016742417,4.05046349801359
Manual,5101,0,1,0,0.580422282695863,4.54529699300603,10.4312584441745,110.185605462894,3.96931883827621
Manual,5102,0,1,0,0.492051923348359,4.07710010190591,8.47857292063614,76.2056352722076,3.5964505784763
Manual,5103,0,1,0,1.70960144588953,4.66080859992966,7.17508906488264,68.2026094374125,4.42702726630226
Manual,5104,0,1,0,12.1033397270919,5.12229998528331,25.6637775987395,620.189787773273,8.63959744954563
Manual,5105,0,1,0,1.00796016080412,4.31244247199125,7.77868082027072,81.0679014422835,3.64548089138679
Manual,5106,0,1,0,1.23269476918807,4.17504978769165,8.57893868827888,91.3614471570409,3.34141159748162
Manual,5107,0,1,0,2.20598588006281,4.5824832065937,7.12260233362013,92.6477966922081,4.20446668451734
Manual,5108,0,1,0,12.1458948590223,4.42862779815721,25.3783489337732,577.717236314236,7.27869442903206
Manual,5109,0,1,0,12.093876896294,3.11829066908251,22.9783829836103,551.86491912386,4.83705217936154
Manual,5110,0,1,0,1.41117304229418,5.41131743565311,14.5847975642816,104.417173317687,4.59584878735994
Manual,5111,0,1,0,0.316894227375973,4.27403568746405,9.96857540764464,75.6294497948718,3.77387630792193
Manual,5112,0,1,0,1.8993839639074,4.13448239597635,5.3735882317502,71.4916686504544,3.46806220147778
Manual,5113,0,1,0,10.6695464139867,6.52565080245844,11.8056698967585,688.999597791321,8.55571599214117
Manual,5114,0,1,0,0.370317261961916,4.0690120262153,10.1723867331906,87.5625969220943,3.5999478481291
Manual,5115,0,1,0,0.415425227963889,3.97904951475227,12.9713718950473,99.3582066427628,3.01785464482157
Manual,5116,0,1,0,0.534202764302601,3.99624376841546,8.36626918625586,61.8902826257466,3.38070391256114
Manual,5117,0,1,0,1.3615681839274,5.03806290725536,12.8441197471518,87.3785982004407,4.13202786279092
Manual,5118,0,1,0,0.411116913458525,4.22363457952688,12.9665533051913,83.222379146733,3.34052786165194
Manual,5119,0,1,0,0.528011459805595,4.51709394827929,8.61534143622186,56.4965886405689,4.22736209213262
Manual,5120,0,1,0,0.887147646971774,4.36078929188399,6.60031610243445,76.2691866274762,3.83647847642472
Manual,5121,0,1,0,1.05134259397422,4.4251520961166,7.76569769494583,64.7498091300921,3.70498105315747
Manual,5122,0,1,0,2.08881146873433,4.28052134748373,5.51945401011172,70.7055860417619,3.64333983569929
Manual,5123,0,1,0,1.34222166346497,2.57615194055558,8.38845518173717,133.189994826575,2.5889483158929
Manual,5124,0,1,0,0.641518105530488,4.49947854982775,7.47420569699587,206.731193415496,4.18437263739243
Manual,5125,0,1,0,12.0626128499521,4.42410724504175,22.9612475756864,579.412282979496,6.24177278642502
Manual,5126,0,1,0,0.698719596351696,5.80178863264426,15.8652350367721,728.182210262854,4.53351287513853
Manual,5127,0,1,0,0.512158747466606,3.56134300220558,10.3664793479947,95.1577140142003,2.67289675535209
Manual,5128,0,1,0,0.493753734897104,4.38560205712574,6.74482859079114,62.9150932217775,3.81964619348624
Manual,5129,0,1,0,0.81134743757923,3.69862951098722,7.71136003479738,79.7485354470791,2.92602337315225
Manual,5130,0,1,0,1.83129263765417,1.00873750795147,4.25582307297954,261.837721855732,0.62903927188139
Manual,5131,0,1,0,1.41258401039306,2.46801003079132,4.47303288400943,125.452686754795,1.85993180512149
Manual,5132,0,1,0,2.98327538413921,7.8167174266348,24.4170936098126,781.995201447509,8.74127461966434
Manual,5133,0,1,0,1.26630587811304,4.87307577955646,12.7127394826752,85.4764750190115,3.98003890997272
Manual,5134,0,1,0,1.01159423904938,3.39738584887521,5.5493461545402,99.1158340205794,3.06098352666162
Manual,5135,0,1,0,1.02777049167194,4.23169596108953,8.70692901799307,69.0688773801616,3.78922405111817
Manual,5136,0,1,0,1.52699637013755,3.81817648254094,16.1634621179128,126.513589410784,2.17973748840851
Manual,5137,0,1,0,1.47373347592066,3.83060617428906,16.0606630855924,128.318406278213,3.02001703307812
Manual,5138,0,1,0,12.0300869205452,3.76655189526836,30.2642288211366,1222.51360196996,9.76229795444044
Manual,5139,0,1,0,0.513695475864668,4.7790388269853,12.5001898255768,140.051732744898,4.27501068284285
Manual,5140,0,1,0,0.994159830800438,4.1463167087178,12.3465980023525,110.315839599154,3.1433186523246
Manual,5141,0,1,0,1.27590560158532,4.91665443422464,5.69140855704045,60.1947018018494,4.51635466770683
Manual,5142,0,1,0,1.06866371364861,4.48008662459117,9.72381887896289,85.6028855866303,3.76872354038918
Manual,5143,0,1,0,0.783541338906942,2.6876718857952,17.3946213429202,206.782387463743,1.62051583109758
Manual,5144,0,1,0,1.84382757537518,1.2524029965554,8.87787957927342,169.196397574034,2.26200322077296
Manual,5145,0,1,0,0.605722448406307,4.28093773186928,4.72022909149012,69.3381616972287,3.51189581595817
Manual,5146,0,1,0,0.527313303450121,4.59686605313503,7.13230208947418,65.6655499979134,4.82707219089164
Manual,5147,0,1,0,0.650474639137315,2.99349732754623,12.8460072635315,140.199148577516,2.02862760151223
Manual,5148,0,1,0,1.87517537061912,5.12417574130382,15.9790127414088,72.3529716066438,3.73855159600546
Manual,5149,0,1,0,1.18173277075888,3.24464274752125,7.32832384324501,145.329555133504,2.42503675859289
Manual,5150,0,1,0,12.0873062209926,5.66521986028511,19.8844835139898,587.476599022989,9.31822007492651
Manual,5151,0,1,0,1.28348393243859,4.54719748688792,10.8078427078871,77.1060868841572,3.68215805800321
Manual,5152,0,1,0,0.814789820754055,4.09620467536339,4.67785085566072,79.3563833380088,3.4987099302799
Manual,5153,0,1,0,0.580615312301681,4.11479557715403,6.08390096439066,63.0706506240439,3.78438766431793
Manual,5154,0,1,0,0.88144876924987,3.33966235484206,7.98054810912121,94.3392744807594,2.6045044153853
Manual,5155,0,1,0,0.903489506504935,4.39994803344292,5.06500421522676,58.3548038160109,3.69201203464287
Manual,5156,0,1,0,9.33802448211895,5.42946326168456,13.7943912164558,716.081555532624,7.42301408490242
Manual,5157,0,1,0,1.93581862365205,4.85175638488663,8.98034904912652,65.4473276038518,4.54652044454805
Manual,5158,0,1,0,0.984595723490662,3.93038226981542,7.45550764465131,111.508649423999,3.23719726915577
Manual,5159,0,1,0,1.00588029233956,4.15423693808278,5.86893959303519,75.1055749149648,3.6983215597464
Manual,5160,0,1,0,7.22360110484183,5.24099868149706,8.89507452429729,476.422966702873,5.17015089699856
Manual,5161,0,1,0,0.913921912432625,3.60650526211859,7.38221319356336,83.5186924758544,2.7322510520983
Manual,5162,0,1,0,0.225744395623327,4.32094335019642,9.88161392535119,80.4869795944583,3.98216391585416
Manual,5163,0,1,0,12.0475701267839,5.3342498659242,23.954218848513,620.453367051776,8.52308552709938
Manual,5164,0,1,0,1.40157754236453,2.43853536463109,7.77864182831775,117.011189215993,1.8998731492385
Manual,5165,0,1,0,0.680355727338065,5.11825191077028,11.5127718081271,101.069875320945,4.81001563581596
Manual,5166,0,1,0,1.19840258023915,4.9670139425244,8.9660941659484,82.4937293552714,4.3426773229256
Manual,5167,0,1,0,1.1083235869855,4.72376883966842,7.73266238391427,84.1772510530295,4.25364500938926
Manual,5168,0,1,0,0.447141174640941,4.34036272524262,6.70776484472385,72.9819670101565,4.05142834820246
Manual,5169,0,1,0,0.662267797485338,4.27053070302359,10.1123650823321,59.1511294581794,4.06138914874694
Manual,5170,0,1,0,0.458302362144373,4.32042785260506,7.71710063209252,64.7507995019234,3.74490686072643
Manual,5171,0,1,0,0.936105201243347,4.1645750399151,11.0763872441031,103.432836568799,3.33648951240712
Manual,5172,0,1,0,1.49624412799311,4.97379197003763,12.6682379585351,84.1298006529007,3.88534389523163
Manual,5173,0,1,0,0.584743529051365,4.83603547323167,10.6785182314648,169.334308597914,4.36437899052541
Manual,5174,0,1,0,1.67979794768638,5.14558989197903,12.5058737756044,84.0754285150517,4.29047395048305
Manual,5175,0,1,0,1.28764495607363,2.94973291277254,5.91205194757935,131.74882911486,2.13286356139638
Manual,5176,0,1,0,0.684945924686932,4.7520161851972,6.58688325750557,83.501520007689,4.42534332276296
Manual,5177,0,1,0,0.737327209576455,3.75379391423182,6.89084998374882,89.2542814058207,3.20424571149676
Manual,5178,0,1,0,10.0178263725141,5.8381740908012,17.4947593990771,774.339152343622,8.487859716487
Manual,5179,0,1,0,1.23286147765403,3.87940965206414,12.826212047508,180.086125108996,2.51411223460205
Manual,5180,0,1,0,5.64450691366341,1.36051045402164,9.144653431808,606.243182218919,1.82078804966824
Manual,5181,0,1,0,1.13881722666579,4.33800987124467,8.89534724089529,77.659423077671,3.53840404281557
Manual,5182,0,1,0,0.747772550255475,4.25001486609595,7.58765379878912,76.2427604524917,3.60339968816115
Manual,5183,0,1,0,1.05521222229263,3.28327172644324,10.2264224260724,90.6245736474672,2.27128287775513
Manual,5184,0,1,0,0.777769489259798,4.23371278808232,6.95257859931666,104.797675506703,3.82514612044289
Manual,5185,0,1,0,0.680766826311471,4.14076101202298,5.63845782011459,80.9445881266125,3.4442009172622
Manual,5186,0,1,0,12.105478876761,3.40394239289436,33.0405670647983,563.060734453915,6.74082091894975
Manual,5187,0,1,0,1.06158962212846,4.40198195192306,5.6113050626522,67.1365894713891,3.71127847872573
Manual,5188,0,1,0,1.03638016952501,3.58125095512996,13.8068631312832,132.541992260459,2.52562775080569
Manual,5189,0,1,0,0.879864027183097,4.40190247905392,8.27119896425675,97.1045477232332,3.97115844218561
Manual,5190,0,1,0,0.888493450276377,4.09040164153963,9.48299733132461,133.28588408803,3.17805779306443
Manual,5191,0,1,0,7.15833160267813,4.49859044958801,9.01516939631754,673.025408863104,5.37887168135151
Manual,5192,0,1,0,7.21598932284234,3.65522873220263,10.8469244179164,690.851325958371,6.0195562812857
Manual,5193,0,1,0,0.941032038309151,4.69024014377106,7.23088736938557,95.6840768297223,4.3595348780615
Manual,5194,0,1,0,1.11424319430426,4.21000959044284,9.93771261870506,89.0233561655375,3.45732373754184
Manual,5195,0,1,0,0.964885578404144,4.50854722624368,12.2214124791653,60.2341531554933,3.82457526447182
Manual,5196,0,1,0,1.58115722123163,1.47326488767738,5.70299439308699,331.656127244844,0.526586400001015
Manual,5197,0,1,0,1.36845086898873,4.74323395817888,11.4424010236593,88.1471213609815,3.74786390691996
Manual,5198,0,1,0,1.33944870031415,2.41325300374645,10.7912785091187,131.998120585015,2.64934635296325
Manual,5199,0,1,0,2.91750478001318,5.69102409880116,19.6238750913638,100.828191921606,4.41679044370306
Ontology-RGAT,5000,0,1,0,12.0853198493821,6.16521047734929,39.3789549514509,637.468661159032,8.94557071646874
Ontology-RGAT,5001,0,1,0,12.0558226664688,6.12601160914555,30.2609545826351,615.302731573611,9.86506626456997
Ontology-RGAT,5002,0,1,0,7.3927640838132,3.04424776734388,25.7426308090519,741.909995369163,3.96868137224405
Ontology-RGAT,5003,0,1,0,3.91387998659257,6.38195577977347,13.7771678357965,571.629408246573,9.53780191563773
Ontology-RGAT,5004,0,1,0,9.79868749078796,6.37858897336862,18.9216503615262,676.305638661779,10.3421514866744
Ontology-RGAT,5005,0,1,0,6.35380189600352,6.20844051457004,16.6056927553469,552.524814436153,9.42398989919745
Ontology-RGAT,5006,0,1,0,5.57497016996316,5.58961364651891,13.6071408479295,612.441372868255,7.26215018301313
Ontology-RGAT,5007,0,1,0,7.93135178667162,6.40842733453339,17.0713246449165,614.487428303171,10.5326162818307
Ontology-RGAT,5008,0,1,0,8.10612794756076,6.32142580197201,29.9000657692105,645.209922477402,8.34789291917701
Ontology-RGAT,5009,0,1,0,7.29201691004103,6.44146561132799,14.5636570117569,582.906322853921,10.2486643389684
Ontology-RGAT,5010,0,1,0,7.86745136556768,6.10623625503677,23.2586127862873,644.791014838881,8.66370343611453
Ontology-RGAT,5011,0,1,0,4.40847602571863,6.2280138111311,14.834548865405,574.174817466627,8.43807781196992
Ontology-RGAT,5012,0,1,0,9.33040635048631,6.47800613733506,21.9439020196361,627.341302409522,9.75487258793869
Ontology-RGAT,5013,0,1,0,5.38968175369816,2.81080245843464,13.2355011666014,530.305926815366,1.37048253665528
Ontology-RGAT,5014,0,1,0,7.05252892912199,6.751902835522,28.0169757641045,624.3718478364,8.95235335942825
Ontology-RGAT,5015,0,1,0,4.90282062023011,6.13697624543326,13.271189280528,605.621092279295,9.04554284299976
Ontology-RGAT,5016,0,1,0,11.0322808769142,6.61405958857477,16.0110581483833,605.901887231155,9.12053177166624
Ontology-RGAT,5017,0,1,0,12.0273600091538,3.08388213856364,25.0495337871499,515.690530121828,1.64855901696197
Ontology-RGAT,5018,0,1,0,8.9828922736397,6.45532593303996,31.0775904191432,647.397696188572,9.95630354565627
Ontology-RGAT,5019,0,1,0,12.0986968258605,0.458210140877319,21.9078934107404,1011.16232247187,2.12056853493736
Ontology-RGAT,5020,0,1,0,12.0197039103281,6.39523925426833,35.2572287116683,684.260073860318,10.1249616631126
Ontology-RGAT,5021,0,1,0,6.92354651658478,6.74145221755659,14.3551605391045,565.196766337231,8.40561533470151
Ontology-RGAT,5022,0,1,0,2.03119073064491,5.28096636070541,11.7208856609558,604.977643329583,5.92082582209582
Ontology-RGAT,5023,0,1,0,6.73935194869534,0.289053701506654,73.5757678562183,704.482597984197,5.54579490259167
Ontology-RGAT,5024,0,1,0,12.0277365250581,6.31616061639619,52.793376496125,673.939636993044,9.18992646901071
Ontology-RGAT,5025,0,1,0,6.4804959050405,6.41429240043477,16.2724290593646,568.399578792718,9.85624811060972
Ontology-RGAT,5026,0,1,0,12.0238990685012,5.42311203024798,45.0799907532156,562.328137548833,8.38769168167505
Ontology-RGAT,5027,0,1,0,12.017339443984,5.99033521930781,32.3730370712619,623.199101503213,10.9967676228908
Ontology-RGAT,5028,0,1,0,12.1010984839633,5.63984011037176,32.6105554072565,673.676701639371,9.66443829133929
Ontology-RGAT,5029,0,1,0,4.99532883534744,6.17703204702649,13.3575925453778,539.554733012182,8.07503540737514
Ontology-RGAT,5030,0,1,0,11.6459193559259,6.82174435421672,33.9496776054755,692.916420906228,9.89306100147859
Ontology-RGAT,5031,0,1,0,11.6209073729748,6.66310954840608,36.6524916281525,673.158680746457,9.35739207815437
Ontology-RGAT,5032,0,1,0,9.41519571075542,6.45328686426788,21.7158873608593,565.369137084155,10.0364535528246
Ontology-RGAT,5033,0,1,0,0.989252880691967,4.02829544854362,74.4900973713294,696.79474085344,3.70063483084531
Ontology-RGAT,5034,0,1,0,6.42700818241937,6.4948471318969,15.0593215477051,590.222187244354,10.2019934437252
Ontology-RGAT,5035,0,1,0,12.0720495364944,6.41027978084921,42.7687251738259,837.829468000911,9.52177195206094
Ontology-RGAT,5036,0,1,0,7.11233068200779,6.70714409595447,15.4769942179608,593.353358553041,9.87169674371859
Ontology-RGAT,5037,0,1,0,8.69549216537306,6.46339629683987,17.955726022465,588.156164130218,10.4346312585606
Ontology-RGAT,5038,0,1,0,11.5778920380903,6.50988575545768,26.3654917924555,666.428963739155,9.61177918944718
Ontology-RGAT,5039,0,1,0,12.1001690653927,6.15182146670842,56.7871525196089,651.305833874402,8.6481038161482
Ontology-RGAT,5040,0,1,0,5.88026733943544,6.54264975933774,13.0470385456853,554.11015278462,8.62748303691482
Ontology-RGAT,5041,0,1,0,10.2146991602172,6.62404524513348,36.8812036111375,677.229233849512,8.68205835826599
Ontology-RGAT,5042,0,1,0,5.72704200240528,6.11408807451038,14.2845592644862,585.471653451796,8.83948714579587
Ontology-RGAT,5043,0,1,0,11.05525152281,6.54443796034654,30.8663475194641,684.278357493449,10.3816242273609
Ontology-RGAT,5044,0,1,0,12.0020365578624,6.48998889228161,41.0280991697341,655.60386274129,9.19393164556123
Ontology-RGAT,5045,0,1,0,9.86256478906774,6.48201354219,16.0497410642247,673.531823763976,9.8181744263804
Ontology-RGAT,5046,0,1,0,4.95919125466893,6.11506763040389,14.0233909132132,563.593376394085,8.36158278471832
Ontology-RGAT,5047,0,1,0,7.96698137676729,6.31222520459168,17.5230488518865,587.850904660262,10.6702544629179
Ontology-RGAT,5048,0,1,0,7.62558942043013,6.24164512944953,11.2711643537283,519.844027277946,7.65984981781373
Ontology-RGAT,5049,0,1,0,7.82761049334453,6.43438966331042,16.9157453048361,605.118201709903,9.69258998954708
Ontology-RGAT,5050,0,1,0,11.0093549091614,7.02217619246625,41.3406368839472,725.802165475285,9.02473001434134
Ontology-RGAT,5051,0,1,0,5.67037193078891,6.58333380993664,16.0012275039066,559.94181508168,9.42120087616038
Ontology-RGAT,5052,0,1,0,5.1683922854914,5.86139228031572,10.9460590126151,557.964000817948,7.17746174743708
Ontology-RGAT,5053,0,1,0,8.91044877779614,6.43537506056826,29.7507597204497,640.1900585011,9.81552558150494
Ontology-RGAT,5054,0,1,0,5.75670552236399,5.4287496135336,11.9523584829103,571.942183389708,8.3511896958666
Ontology-RGAT,5055,0,1,0,4.00158233570423,5.54710414330335,13.0188700760296,535.425720542904,7.10145337527922
Ontology-RGAT,5056,0,1,0,6.22401073602535,6.40147376700739,16.0390055393898,587.36939719412,9.87496029505869
Ontology-RGAT,5057,0,1,0,11.4681518225499,6.31749421561312,15.7949026856615,674.045014900372,9.6855767197409
Ontology-RGAT,5058,0,1,0,5.44316414242335,6.41468842372339,14.9382104416176,523.784357195189,9.21379218810992
Ontology-RGAT,5059,0,1,0,3.89206361315712,5.09433474989369,11.7137754604776,544.610826078867,5.77634537910962
Ontology-RGAT,5060,0,1,0,12.0024015244579,6.16564219543176,22.809725548692,638.64551987246,8.82107044249119
Ontology-RGAT,5061,0,1,0,12.0193012784756,6.06843515285712,25.5297597962285,662.710202734116,8.45510321058075
Ontology-RGAT,5062,0,1,0,5.26788301539844,6.06110671618517,15.0181144568452,599.223429894899,9.27037424325985
Ontology-RGAT,5063,0,1,0,6.45080618316684,6.54757537120539,25.9637807949378,609.844117721543,9.26401717938888
Ontology-RGAT,5064,0,1,0,5.85902831837948,6.3762592024917,22.9993884056686,619.497705204088,10.2586974370127
Ontology-RGAT,5065,0,1,0,4.60649313572497,5.80722201846196,14.2280903274915,532.884002951049,8.03168005288802
Ontology-RGAT,5066,0,1,0,5.3402998331425,6.62246884152776,14.1221067692488,577.339492065071,8.99786764030536
Ontology-RGAT,5067,0,1,0,12.0635908163172,3.86372509284793,57.2236888039394,479.445577210198,3.80730735023837
Ontology-RGAT,5068,0,1,0,12.0405127167276,0.873560656754682,31.7471425340834,451.189078066027,1.30071052943002
Ontology-RGAT,5069,0,1,0,6.68136898066988,6.67488167972735,14.784853280264,616.803553138011,9.87673247578006
Ontology-RGAT,5070,0,1,0,4.62154578380966,5.04235396116624,20.562925573817,654.489100005481,3.07574449848457
Ontology-RGAT,5071,0,1,0,3.59615486154308,6.40505255718941,14.0081840060757,593.214128372931,9.3797641627586
Ontology-RGAT,5072,0,1,0,5.96181125835851,6.59027796713248,13.3735258512529,578.786957070331,8.30960763533165
Ontology-RGAT,5073,0,1,0,10.9580599826244,7.20474455963276,45.0258591394348,723.337834611889,8.88401851975886
Ontology-RGAT,5074,0,1,0,12.120316087135,5.33100935467613,46.0365314835539,579.516989374883,7.92505235218288
Ontology-RGAT,5075,0,1,0,5.91131276967442,6.54016655578474,14.6113881772164,628.801080519679,8.8351911045803
Ontology-RGAT,5076,0,1,0,7.31035722401626,5.14942137481581,16.0323058296411,690.735453865428,6.4731343759546
Ontology-RGAT,5077,0,1,0,5.01011649867721,5.77266434176417,14.4157745903208,564.695200777426,7.44035792602435
Ontology-RGAT,5078,0,1,0,8.66533869855036,5.35867670168215,14.653722072665,588.016691443544,7.01134835171715
Ontology-RGAT,5079,0,1,0,10.7507659440487,6.30446365049015,21.7303330936659,630.112891481901,10.0556941599849
Ontology-RGAT,5080,0,1,0,12.0371808152224,5.38934551530505,44.7774002365133,549.448866885945,8.82882136677239
Ontology-RGAT,5081,0,1,0,7.22397071675189,6.71237070844993,18.0925507350634,603.136967433467,8.50748846486812
Ontology-RGAT,5082,0,1,0,7.35665500545813,6.38742698174221,24.2240349462755,625.997069717485,9.45546272658031
Ontology-RGAT,5083,0,1,0,12.0411041353634,5.70732154349308,40.6835057473006,579.909524634938,9.00742127289159
Ontology-RGAT,5084,0,1,0,4.0059122942361,5.90272432132967,13.9080185611315,568.856901611828,8.60211208290861
Ontology-RGAT,5085,0,1,0,10.8878844209611,6.85718507200059,35.1631848947776,731.498925746452,9.17756780256181
Ontology-RGAT,5086,0,1,0,2.01985647687222,4.65512889405292,75.2140873149365,695.298945034919,3.81420422603861
Ontology-RGAT,5087,0,1,0,10.0825449756896,6.7340981571387,33.6901520331885,653.121886998759,9.96006019881533
Ontology-RGAT,5088,0,1,0,11.3116914929637,6.86684979202862,35.3367230000165,712.453338724362,9.60939768095153
Ontology-RGAT,5089,0,1,0,5.70250947768534,6.2041721627742,17.7287709291049,572.039367811372,8.28680542320422
Ontology-RGAT,5090,0,1,0,5.92083912160533,5.94386037714126,20.8548956446901,626.905900310498,7.87486090936844
Ontology-RGAT,5091,0,1,0,10.5372694482685,6.23538717903367,25.0688355779891,630.796085297071,9.96349047502792
Ontology-RGAT,5092,0,1,0,12.0356464043786,6.23697996577993,36.6009591253304,657.952279239358,9.6091699362153
Ontology-RGAT,5093,0,1,0,10.7921696401283,3.96668621627636,23.3845086978108,1280.66902643987,5.24852817639514
Ontology-RGAT,5094,0,1,0,7.95854176486271,6.49703932507537,28.1650128165252,629.148628959799,9.90315470355853
Ontology-RGAT,5095,0,1,0,6.83026763334941,2.6777897841968,26.0500719117555,690.006940480216,3.20838685682316
Ontology-RGAT,5096,0,1,0,4.42161876264381,5.72142540935169,11.3154236361859,565.674751514194,7.10202948655647
Ontology-RGAT,5097,0,1,0,9.74002537561862,6.27328232268913,16.9673676178369,545.310207812083,9.052637006361
Ontology-RGAT,5098,0,1,0,2.72631882396044,3.17260548602409,9.63049353517757,556.4673570803,3.59920944726676
Ontology-RGAT,5099,0,1,0,8.50578295069337,6.45488485044071,28.2449478656932,647.123609624271,10.3300973994182
Ontology-RGAT,5100,0,1,0,11.8055378344597,5.866672110553,23.0723262985601,658.307427434583,8.63743617076031
Ontology-RGAT,5101,0,1,0,5.78644239036553,3.26785746183533,74.6996536259846,299.827507472114,1.38929535131479
Ontology-RGAT,5102,0,1,0,11.8515965168154,6.05415238602342,29.7708378730297,653.602588740107,10.8050145444172
Ontology-RGAT,5103,0,1,0,7.49644626832119,6.11200826523004,10.8726956700317,529.632638243588,7.42603077396039
Ontology-RGAT,5104,0,1,0,12.0081092067101,6.42078256041184,35.7129083331907,668.024506934919,9.45182362313769
Ontology-RGAT,5105,0,1,0,5.62744298863072,6.0343391946364,12.1529209283783,535.601950607624,7.61276561483836
Ontology-RGAT,5106,0,1,0,6.17479911334551,6.14903261234972,11.7297366132823,565.283527840474,7.79057818541346
Ontology-RGAT,5107,0,1,0,7.83772764649039,6.67476089041622,14.1270926134204,588.319428588574,8.87102799603029
Ontology-RGAT,5108,0,1,0,4.79031977983059,5.93803555693982,21.646259633607,612.484138589845,8.26231451874409
Ontology-RGAT,5109,0,1,0,9.42355024066645,6.31844846377236,31.5187677447242,677.241583501474,8.85902608192856
Ontology-RGAT,5110,0,1,0,9.40650442586935,6.33153956963759,16.7316479683932,549.684337358025,9.35631919972056
Ontology-RGAT,5111,0,1,0,4.89219832948963,3.51991741272939,58.7237927816023,295.702728924074,4.4534238115249
Ontology-RGAT,5112,0,1,0,5.51689631306502,5.70833771143966,10.3978667676124,569.799817352548,7.15190703081469
Ontology-RGAT,5113,0,1,0,4.94362356288973,4.54777320631806,14.388426734456,585.880167733551,6.62846004552134
Ontology-RGAT,5114,0,1,0,12.0712766296913,5.34780686248032,45.7851288222291,546.382011874284,8.74575267362243
Ontology-RGAT,5115,0,1,0,12.0610353975131,5.49585906240509,45.6015255711218,586.230814360527,8.67103631572026
Ontology-RGAT,5116,0,1,0,12.1199773586914,6.29846758931318,32.2074156364502,676.124675062037,10.1998166687877
Ontology-RGAT,5117,0,1,0,11.0334821237365,5.57245909454101,17.9312589879133,558.174986661171,7.54405729433051
Ontology-RGAT,5118,0,1,0,4.96074613641295,2.66665759799476,59.7851000889733,276.238069432544,3.91154715791406
Ontology-RGAT,5119,0,1,0,5.84191985952794,4.39224505849468,71.6196040297262,232.019666928226,5.60443729953017
Ontology-RGAT,5120,0,1,0,8.66696576347694,6.40427790948244,14.1339183076181,632.574941695546,9.60340910590636
Ontology-RGAT,5121,0,1,0,9.60601829988728,6.07814449103541,15.0723132321907,631.179816547842,8.6374177113771
Ontology-RGAT,5122,0,1,0,4.08996999650412,5.53936299073789,11.5158721010361,549.67040407906,6.57101086559919
Ontology-RGAT,5123,0,1,0,12.0420140711829,6.15432695404841,31.0561318617016,637.808160039199,10.0838207585947
Ontology-RGAT,5124,0,1,0,8.98308028035575,6.19684601530926,17.8893769786045,568.664280730139,10.4613781199794
Ontology-RGAT,5125,0,1,0,12.0063497936902,4.2153266975419,60.2566676161863,700.795667468157,3.95995612036986
Ontology-RGAT,5126,0,1,0,5.0216421719367,6.42530801318138,15.6459972378029,553.371807725938,9.25560906887811
Ontology-RGAT,5127,0,1,0,6.73061609405134,6.64853700160891,20.6070329692956,615.13662941659,9.18680287637135
Ontology-RGAT,5128,0,1,0,7.5659788254962,6.66217383163582,17.145507841973,633.158214721508,9.04570976156166
Ontology-RGAT,5129,0,1,0,12.065840888636,5.96326659016283,32.5038212451694,624.316080356967,10.4818621323788
Ontology-RGAT,5130,0,1,0,8.09549772538543,6.58095766214305,15.8150573473781,640.010313848434,9.95625649489383
Ontology-RGAT,5131,0,1,0,7.79076565631224,6.42006776835847,16.3354550774698,602.120627356669,10.5866088804946
Ontology-RGAT,5132,0,1,0,5.02249007432136,6.38941372346772,14.5818484036449,563.182960967706,8.95025125874573
Ontology-RGAT,5133,0,1,0,12.1123704114725,5.97176199985916,16.6721789360421,610.483101881873,9.08524972143832
Ontology-RGAT,5134,0,1,0,7.98571446014649,6.36578545554253,18.3017595941405,580.441738561166,10.7679362589867
Ontology-RGAT,5135,0,1,0,7.9008864174399,6.34869572286455,21.6034193509656,620.297694828157,10.469811363355
Ontology-RGAT,5136,0,1,0,12.1028031365506,6.536804352332,38.3574051973586,713.316162534472,10.5845653027756
Ontology-RGAT,5137,0,1,0,7.70845515417615,6.66023370082164,28.7471435280348,670.581370555021,9.32335630611992
Ontology-RGAT,5138,0,1,0,5.08236314067166,6.13416372654311,15.077662185949,580.594286905054,8.85700432300552
Ontology-RGAT,5139,0,1,0,12.1308183318379,2.82188919075719,23.1447303321604,470.79003008948,3.17248992487644
Ontology-RGAT,5140,0,1,0,4.26734396676245,5.0358681224865,22.1599865976203,544.661973213341,2.75207586420181
Ontology-RGAT,5141,0,1,0,4.48962260225675,4.9371552707878,12.5036695952037,540.311612181779,5.25870856986474
Ontology-RGAT,5142,0,1,0,10.3025240987091,6.29981855206958,14.7391080500335,628.908347212989,9.52727961653144
Ontology-RGAT,5143,0,1,0,3.85622261250198,3.88909128434928,14.2003545652164,579.547392816658,4.84045697681799
Ontology-RGAT,5144,0,1,0,5.27235361796432,3.17721704559083,15.9233105818288,654.351101489116,4.19587488630667
Ontology-RGAT,5145,0,1,0,10.9557053563674,6.3814067090485,27.7730800242345,641.345469298507,9.76782432487543
Ontology-RGAT,5146,0,1,0,12.1047381065161,5.26029533364433,44.6876864874146,551.037996628986,8.71240001807597
Ontology-RGAT,5147,0,1,0,2.2534055801361,5.00028892862533,10.6038428005547,602.363693633323,5.82044289785529
Ontology-RGAT,5148,0,1,0,12.0465552841046,2.52788101385402,68.8802719827078,648.99040075817,3.88452959460807
Ontology-RGAT,5149,0,1,0,12.1202359773852,6.06191200573617,21.9132561385791,696.942069077328,10.0995368693035
Ontology-RGAT,5150,0,1,0,5.42873314264814,6.32743163792369,14.2784294024633,603.229802938193,8.96483535716188
Ontology-RGAT,5151,0,1,0,12.0398629430887,5.68616730944754,48.7476065597639,607.545557995221,8.08714256623119
Ontology-RGAT,5152,0,1,0,6.26873637251185,6.48209601695299,15.2197930505872,573.113933693177,10.1370574519983
Ontology-RGAT,5153,0,1,0,5.64112378958522,3.5250693940963,73.1038103536369,627.03604577514,4.14808100684515
Ontology-RGAT,5154,0,1,0,12.0102207268452,6.22026553853719,30.03570190897,638.208611446372,10.0389692673397
Ontology-RGAT,5155,0,1,0,6.1204255015463,6.49526579715496,15.6012547812165,592.724374456429,9.7177268982898
Ontology-RGAT,5156,0,1,0,5.85952775271154,6.42188408073271,16.5030144585903,622.658358488809,9.91860679051848
Ontology-RGAT,5157,0,1,0,6.02285501466517,6.57497326058591,14.8571030089055,547.023466469605,9.05065601183002
Ontology-RGAT,5158,0,1,0,6.3096828329153,6.49808200055171,14.0430889678149,550.611933073325,9.17243187697041
Ontology-RGAT,5159,0,1,0,4.64789376578282,6.60389061101903,14.6841648899035,563.245092947011,9.07035484034534
Ontology-RGAT,5160,0,1,0,8.17426927788951,6.31907880680335,16.8521271124595,569.485741509002,10.4693491227938
Ontology-RGAT,5161,0,1,0,8.73545921669777,6.2747813952498,19.7146968597942,628.771379763922,10.230470772622
Ontology-RGAT,5162,0,1,0,8.28917540224534,6.48608235390236,26.6679576560537,613.267135196539,9.16424844031652
Ontology-RGAT,5163,0,1,0,5.15260017901601,6.45309065169124,15.7078064705049,590.393483436494,9.49874873373969
Ontology-RGAT,5164,0,1,0,11.0832016334824,6.46949632106169,19.7618888700427,667.128977767418,10.4076413482543
Ontology-RGAT,5165,0,1,0,12.0443530319336,5.25625825711899,23.5389324338429,527.543563392658,6.97890871536643
Ontology-RGAT,5166,0,1,0,6.62207873582829,6.47026487246065,12.9520473394601,525.727151848463,9.09628375295697
Ontology-RGAT,5167,0,1,0,5.23826182773758,6.31467202504481,15.036701873238,521.824215372191,9.06701077731235
Ontology-RGAT,5168,0,1,0,12.0357195522411,5.07740073205523,44.2549643290513,517.200053184952,7.96173039282284
Ontology-RGAT,5169,0,1,0,12.100498100001,5.41866425453114,47.5146295693117,578.755419552689,8.04089356910846
Ontology-RGAT,5170,0,1,0,10.1927039655277,6.64043306025617,24.6591769657233,662.355009078944,9.57947447476765
Ontology-RGAT,5171,0,1,0,9.20425591488048,6.53120218947966,25.8306743113928,638.90991370819,10.5341811409555
Ontology-RGAT,5172,0,1,0,10.86131629002,5.81445603033254,15.5392865759331,577.928003869814,8.19797341727011
Ontology-RGAT,5173,0,1,0,9.47727985808943,5.56982995197946,20.0335780598373,505.963592805634,7.59667860356923
Ontology-RGAT,5174,0,1,0,8.22529441894892,5.31104576005304,16.8240312965218,514.104613629027,6.94931703459824
Ontology-RGAT,5175,0,1,0,8.19668103965243,6.29112342538981,16.760278013517,591.992452153736,10.0188311082352
Ontology-RGAT,5176,0,1,0,12.0364996387371,2.11068772244372,22.2211153194412,460.398678796664,2.24135180273213
Ontology-RGAT,5177,0,1,0,12.1037206029358,4.48542475799173,52.3923177465474,487.592327487785,6.28427069949814
Ontology-RGAT,5178,0,1,0,12.0962327438671,6.26104499209414,50.9408836782034,640.12801382573,8.54658920810268
Ontology-RGAT,5179,0,1,0,10.0703179232066,6.11586914892191,17.2929485388351,593.774520132867,10.5326006282498
Ontology-RGAT,5180,0,1,0,5.17936122785503,6.33706973988753,14.3253102289731,555.285331594759,8.83350280038789
Ontology-RGAT,5181,0,1,0,1.30739800145256,3.05835235986443,73.7632114428561,618.525406314972,2.55626353031954
Ontology-RGAT,5182,0,1,0,9.69356221660625,6.19805491139732,17.9550575026372,616.764832301679,10.3797590505615
Ontology-RGAT,5183,0,1,0,7.16981534776305,6.38593082666076,17.3074451628306,603.05718256257,9.81804581545322
Ontology-RGAT,5184,0,1,0,3.6412337995937,6.02707552775534,12.9310898493651,511.846455079183,7.86595421019574
Ontology-RGAT,5185,0,1,0,7.72834202731128,6.52876224502176,15.3377048777542,601.965657264354,10.4113448601691
Ontology-RGAT,5186,0,1,0,12.0248112327948,2.65820329173387,56.6871175260719,774.423667531005,4.84538444110076
Ontology-RGAT,5187,0,1,0,7.39404638622364,6.47820654821359,11.8444712540356,541.924842453843,9.29101635880604
Ontology-RGAT,5188,0,1,0,3.3393071116568,5.13504288306786,15.4541417150435,573.677973394368,7.46369674059249
Ontology-RGAT,5189,0,1,0,7.19452525356573,6.20592820624227,12.3332857060808,531.040192618574,8.55703249170697
Ontology-RGAT,5190,0,1,0,6.95084930888096,3.38543114775283,68.1565938751486,389.498018825726,3.63746671283655
Ontology-RGAT,5191,0,1,0,6.73477928662926,6.49613496692709,23.1985028608777,567.561963468302,8.71981246562775
Ontology-RGAT,5192,0,1,0,8.31315994577871,6.54712584426108,19.5072286066825,645.948044250769,9.52912566812848
Ontology-RGAT,5193,0,1,0,8.21999225509925,6.63559756882276,16.6026310191359,550.660383015044,9.2995162168858
Ontology-RGAT,5194,0,1,0,9.25385422973694,6.65511296692388,16.4829815582314,583.014339700207,9.91747352443945
Ontology-RGAT,5195,0,1,0,8.92989555234378,6.53087424768647,18.6026103191135,638.716605223686,9.93755208439091
Ontology-RGAT,5196,0,1,0,9.51406593757543,6.46754533371594,18.9111256986413,625.882016428222,9.84645051691176
Ontology-RGAT,5197,0,1,0,8.34345988764639,5.91900831089846,12.6449614968979,561.284417705371,7.91458418359666
Ontology-RGAT,5198,0,1,0,11.1071731486377,6.34387767325457,27.0128355509064,646.309623412067,10.1621390729427
Ontology-RGAT,5199,0,1,0,9.02981526957621,6.51309756104823,15.0282979089143,561.791063265554,10.2648365255649
